{"current":{"favicon":"shopify:\/\/shop_images\/favicon.png","preloader_enable":true,"preloader":"shopify:\/\/shop_images\/Preloader.gif","header_font":"montserrat_n7","h1_size":86,"h2_size":60,"h3_size":40,"h4_size":30,"h5_size":24,"h6_size":18,"base_font":"montserrat_n4","type_base_size":18,"body_line_height":30,"type_additional_size":20,"custom_font_script_1":"@import url('https:\/\/fonts.googleapis.com\/css2?family=Kodchasan:ital,wght@0,200;0,300;0,400;0,500;0,600;0,700;1,200;1,300;1,400;1,500;1,600;1,700&display=swap');","custom_font_family_1":"'Kodchasan', sans-serif;","container_width":1230,"tab_container_width":960,"fullwidth_gap":80,"gutter_width":30,"overall_border_radius":0,"primary_color":"#ea3266","secondary_color":"#161525","tertiary_color":"#fff1f5","body_bg_color":"#ffffff","overlay_color":"#fff1f5","link_color":"#1a1a1a","link_hover_color":"#ea3266","button_bg_color":"#ea3266","button_bg_hover_color":"#161525","button_padding":"12px 30px 12px 30px","button_border_radius":30,"blog_bg_color":"#f5f5f5","blog_link_hover_color":"#ea3266","blog_icon_color":"#ea3266","blog_button_bg_color":"#ea3266","blog_button_bg_hover_color":"#161525","blog_link_hover_color_overlay":"#161525","blog_text_color_overlay":"#ffffff","blog_icon_color_overlay":"#ffffff","blog_button_bg_color_overlay":"#ea3266","blog_button_bg_hover_color_overlay":"#161525","blog_border_radius":0,"blog_gutter_width":30,"title_image_enable":false,"title_image":"shopify:\/\/shop_images\/quote-icon-2.png","title_image_position":"place_on_bottom","use_breadcrumb":true,"breadcrumb_image":"shopify:\/\/shop_images\/Video-banner.jpg","color_image_overlay":"#161525","breadcrumb_text_color":"#ffffff","breadcrumb_text_hover_color":"#ea3266","breadcrumb_style":"center","image_overlay_opacity":60,"breadcrumb_padding_top":80,"breadcrumb_padding_bottom":85,"breadcrumb_margin_bottom":95,"show_product_swatches":true,"show_quick_shop_product_link":true,"show_quick_shop_desc":true,"collections_show_sale_circle":true,"collections_show_sold_out_circle":true,"secondary_image_use":true,"offer_price_enable":false,"collections_show_new_circle":true,"display_vendor":false,"truncated_description":false,"excerpt_count":"20","enable_add_cart":true,"item_aignment":"content-center","product_button_style":"icon","icon_aignment":"icon-right","enable_compare":false,"enable_wishlist":true,"display_color_variant":false,"display_item_size":false,"product_review":true,"sidebar_width":305,"sidebar_style":"list","collection_sidebar_use":"left","product_page_sidebar":"full_width","blog_page_sidebar":"full_width","collection_sidebar_mobile":true,"product_sidebar_mobile":false,"sidebar_title_bg":"rgba(0,0,0,0)","sidebar_title_border":"#ea3266","cart_notes_enable":true,"ajax_cart_method":"drawer","search_grid":"4","search_results_per_page":"8","enable_timer":true,"timer":"903710998572@10\/24\/2021_00:00:00","timer_button_bg":"#ea3266","social_twitter_link":"#","social_facebook_link":"#","social_pinterest_link":"","social_google_plus_link":"","social_instagram_link":"#","social_tumblr_link":"","social_youtube_link":"#","social_vimeo_link":"","social_rss_link":"","social_linkedin_link":"","social_sharing_blog":true,"social_sharing_count":true,"share_facebook":true,"share_twitter":true,"share_pinterest":true,"share_google":true,"password_bg_color":"#fff1f5","password_bg_img":"shopify:\/\/shop_images\/modern-jewelry-and-accessories-on-display.jpg","password_logo":"shopify:\/\/shop_images\/about-icon-1.png","logo_txt_color":"#ea3266","pwd_header_color":"#ea3266","pwd_show_share_buttons":false,"pwd_newsletter_enable":true,"pwd_newsletter_form_heading_clr":"#161525","pwd_newsletter_inpt_bg":"#ffffff","pwd_newsletter_btn_bg":"#ea3266","pwd_newsletter_btn_hoverbg":"#161525","pwd_newsletter_btn_hovertxt":"#ffffff","pwd_placeholder_txt":"#161525","social_title_clr":"#161525","social_icon_clr":"#161525","social__icon_hoverclr":"#ea3266","animae_enable":true,"favicon_enable":true,"enable_collection_sidebar":true,"enable_boxed":true,"breadcrumb_bg_image":true,"boxed_bg_color":"#ce5252","count_down_enable":true,"count_down_collections":true,"home_productdeal_time":"24 May","enable_color_swatch":true,"show_wislist":true,"show_prt_quickview_desc":false,"show_smart_checkout":true,"social_sharing_style":"normal","sections":{"header":{"type":"header","blocks":{"fa1b82e4-baaf-481c-b7a0-d9d7d230b1cd":{"type":"promo_image","settings":{"mega_1":"","mega_columns":"six-column","row_reverse":false,"title_1":"Heading","button_1":"Button","link_1":"shopify:\/\/collections","title_2":"Heading","button_2":"Button","link_2":"shopify:\/\/collections","title_3":"Heading","button_3":"Button","link_3":"shopify:\/\/collections","title_4":"Heading","button_4":"Button","link_4":"shopify:\/\/collections"}},"5047ccac-0496-4d30-9525-2df21349a041":{"type":"product","settings":{"mega_1":"catalog","mega_columns":"four-column","row_reverse":false,"product1":"dirndl-skew","product2":"amadore-casual-top","product3":"beevee-messenger-bag-1","product4":"bubble-belt"}},"c674a295-aa18-49c4-b973-eb26fbc4aced":{"type":"promo_image","settings":{"mega_1":"shop","mega_columns":"four-column","row_reverse":false,"title_1":"Heading","button_1":"Heading","link_1":"#","title_2":"Heading","button_2":"Heading","link_2":"#","title_3":"Heading","button_3":"Heading","link_3":"#","title_4":"Heading","button_4":"Heading","link_4":"#"}}},"block_order":["fa1b82e4-baaf-481c-b7a0-d9d7d230b1cd","5047ccac-0496-4d30-9525-2df21349a041","c674a295-aa18-49c4-b973-eb26fbc4aced"],"settings":{"full":false,"spacing_both_ends":false,"use_sticky_header":true,"use_sticky_mobile":true,"show_announcement":true,"hide_announcement_mobile":true,"home_page_only":false,"bg_color":"#161525","text_color":"#ffffff","text_hover_color":"#ea3266","text":"Save Up To 20% On All Products!","announcement_height":35,"topbar_bg":"#ea3266","disable_topbar":true,"disable_topbar_mobile":true,"header_mail":"sample@domain.com","header_phone":"9876543210","header_contact":"#ffffff","header_contact_hover":"#fff1f5","logo":"shopify:\/\/shop_images\/logo.png","logo_max_width":150,"menu_align":"logo_left","show_header_social":true,"search_type":"search-icon","social_icon_color":"#ea3266","social_icon_hover_color":"#ffffff","social_icon_bg":"#ffffff","social_icon_hover_bg":"#161525","show_account":true,"show_header_cart":true,"show_header_wishlist":true,"show_header_compare":false,"icon_color":"#161525","icon_hover_color":"#ea3266","icon_bg":"rgba(0,0,0,0)","icon_hover_bg":"rgba(0,0,0,0)","enable_menu_indicator":true,"pick_menu":"main-menu","show_secondary_menu":false,"secondary_menu":"","header_bg":"#ffffff","menu_color":"#1a1a1a","menu_active_color":"#ea3266","menu_active_bg":"rgba(0,0,0,0)","mega_menu_bg":"#ffffff","submenu_color":"#1a1a1a","submenu_hover_color":"#ea3266","font_size":16,"font_size_sub":14,"show_header_currency":false}},"modal-newsletter":{"type":"modal-newsletter","settings":{"enable_newsletter_modal":true,"dt_sc_cookie-expires":4,"dt_sc_cookie-modal-delay":"1000","overlay_background_color":"#161525","overlay_background_transparency":"0.8","block_text_align":"text-center","dt_sc_modal_bg_image":"shopify:\/\/shop_images\/modal-newsletter-image.png","enable_overlay":false,"background_color":"rgba(0,0,0,0)","overlay_transparency":"0","form_style":"style-5","form_gap":"15px","dt_sc_cookie-modal-title":"Join Our Newsletter","dt_sc_cookie-modal-content":"Huge Discount","dt_sc_newsletter_additional_content":"Get Upto 20% Off on your order.","enable_social_icon":true,"section_title_color":"","section_sub_title_color":"","form_bg":"","button_bg_color":"","button_text_color":"","button_hover_bg_color":"","button_hover_text_color":"","additional_text_color":"","social_icon_color":"#161525","social_icon_hover_color":"#ea3266"}},"product-template":{"type":"product-template","settings":{"hide_breadcrumb":false,"gallery_type":"thumbnails_horizontal","vertical_style":"dt-sc-product-vertical-thumb-left","enable_zoom":true,"enable_video_looping":true,"reviews":true,"show_featured_shop_desc":true,"featured_view_desc_truncate":"30","show_variants_swatches":true,"deals_section":true,"show_size_chart":false,"show_product_vendor":true,"show_product_type":true,"show_product_sku":true,"show_product_quantity":false,"display_back_in_stock":true,"show_quantity_selector":true,"show_checkout":true,"hide_addtocart":false,"show_wishlist":true,"show_share_buttons":true,"product_tab1":true,"product_tab1_heading":"Product Description","product_tab2":false,"product_tab2_heading":"Shipping details","page_content":"additional-information","product_tab3":true,"product_tab3_heading":"Reviews","enable_enquiry":true}},"product-recommendations":{"type":"product-recommendations","settings":{"show_product_recommendations":false,"heading":"Recommended products","heading_position":"text-center"}},"collection-template":{"type":"collection-template","blocks":{"a1d367b4-4071-49eb-bda9-32ee77d6cc55":{"type":"menu","settings":{"filter_title":"Category","linklist":"sidebar-menu"}},"08da70d9-8ee2-447d-a9df-85e9fd0d9bd6":{"type":"tag","settings":{"filter_title":"Shop By Size","other_tag":"4.2, 4.5, 4.7, 5.2, 6.2,"}},"872be516-3e30-410a-ae3a-b5a2cc663c72":{"type":"tag","settings":{"filter_title":"Shop By Price","other_tag":"$100 - $200, $200 - $300, $300 - $500, $300 - $400, $700 - $1000,"}},"b688647b-8613-4599-9675-5ea7e9850e70":{"type":"tag","settings":{"filter_title":"Shop By Brand","other_tag":"3D Reality, Virtual Revenue, Digital World, Digital Dock, Sputnik Virtual"}},"8abc2a65-3436-40a5-9375-190657f41e2a":{"type":"tag","settings":{"filter_title":"Shop By Type","other_tag":"Standalone, Tethered, Gaming, Play Station"}},"99ee343f-c5f5-434c-930d-028737c9398f":{"type":"image","settings":{"title":"Framework -ORG-LIVE","link_text":"About us","link":"shopify:\/\/collections"}}},"block_order":["a1d367b4-4071-49eb-bda9-32ee77d6cc55","08da70d9-8ee2-447d-a9df-85e9fd0d9bd6","872be516-3e30-410a-ae3a-b5a2cc663c72","b688647b-8613-4599-9675-5ea7e9850e70","8abc2a65-3436-40a5-9375-190657f41e2a","99ee343f-c5f5-434c-930d-028737c9398f"],"settings":{"hide_breadcrumb":false,"show_collection_image":true,"collections_sort_enable":true,"collections_view_enable":true,"item_pre_view":true,"grid":"3","rows":"3","text_color":"#1a1a1a","title_color":"#1a1a1a","title_hover_color":"#ea3266","product_bg":"#ffffff"}},"footer":{"type":"footer","blocks":{"3ae2a44c-6425-4746-b0ab-44454f47cb25":{"type":"address","settings":{"title":"Contact","footer_address":"35 W 46nd Street, Wall Road New York, USA.","footer_contact_no":"+(000) 1234-56789","office_hours":"","footer_contact_id":"support@example.com","container_width":25,"column_alignment":"text-start"}},"61d6635f-813f-4b3b-8c83-eaa3e8b8cbf6":{"type":"menu","settings":{"title":"Support","menu":"footer","container_width":20,"column_alignment":"text-start"}},"55c7a363-48ef-4d8e-b9bf-c930008bde8a":{"type":"menu","settings":{"title":"Info","menu":"info","container_width":20,"column_alignment":"text-start"}},"21ea0c66-a6e0-4431-96f1-672193b7043e":{"type":"newsletter","settings":{"title":"Subscribe To our Newsletter","richtext":"<p>Your email address will be used in accordance with our privacy policy<\/p>","newsletter_btn_color":"#ffffff","newsletter_btn_bg":"#ea3266","newsletter_btn_hover_color":"#ffffff","newsletter_btn_hover_bg":"#161525","container_width":38,"column_alignment":"text-start"}}},"block_order":["3ae2a44c-6425-4746-b0ab-44454f47cb25","61d6635f-813f-4b3b-8c83-eaa3e8b8cbf6","55c7a363-48ef-4d8e-b9bf-c930008bde8a","21ea0c66-a6e0-4431-96f1-672193b7043e"],"settings":{"full":true,"spacing_both_ends":true,"padding":"250,40","top_space":100,"footer_bg_clr":"rgba(0,0,0,0)","color_opacity":1,"footer_bg_img":true,"image_1":"shopify:\/\/shop_images\/footer-bg.png","show_footer_title":true,"footer_heading_clr":"#ffffff","footer_txt_clr":"#ffffff","footer_link_clr":"#ffffff","footer_link_hover_clr":"#ea3266","footer__bottom_bg":"#05023f","footer_color":"#ffffff","footer_link_hover":"#ea3266","color_borders":"#e4e4e4","show_payment_icons":true,"show_copyright":true,"show_social":true,"social_placement":"footer_bottom","social_style":"inline","newsletter_placement":"default","footer_menu_style":"vertical","enable_inline_footer_menu":true,"footer":"","copyright_text":"","copyright_link":"#","copyright_link_color":"#ffffff","copyright_link_color_hover":"#ffffff"}},"gdpr-cookies":{"type":"gdpr-cookies","settings":{"show_gdpr":true,"style":"bottom","enable_box_shadow":false,"text":"Lorem ipsum dolor sit amet, consectetur adipiscing elit. Sed sed ex vulputate, sagittis ipsum sed, iaculis magna.","accept":"Accept","decline":"Decline","bg_color":"#161525","text_color":"#ffffff","button_bg_color":"#ea3266","button_text_color":"#ffffff","button_text_hover_color":"#000000","button_bg_hover_color":"#fff1f5","button_padding":"5px 15px 5px 15px"}},"related-products":{"type":"related-products","settings":{"show_related_products":true,"title":"Related products","heading_position":"text-center","grid":"5","rows":"1","enable_slider":true,"enable_auto_height":true,"autoplay":true,"pagination":false,"carousel_pagination_alignment":"center_pagination","carousel_pagination_bottom_alignment":"inside_element","navigation":true,"nav_arrow_position":"navigation-bottom-center","center_nav_arrow_alignment":"inside_container","navigation_button_color":"#ea3266","navigation_button_icon_color":"#ffffff","navigation_button_hover_color":"#161525","navigation_button_hover_icon_color":"#ffffff","navigation_dot_color":"#ea3266","navigation_dot_active_color":"#161525","column_gap":"30"}},"recently-viewed-products":{"type":"recently-viewed-products","settings":{"show_product_recently":false,"title":"Recently viewed products","heading_position":"text-center","items_to_show":"4"}},"product-sidebar":{"type":"product-sidebar","blocks":{"f4db48c5-0619-41ef-9382-9fe36e266948":{"type":"menu","settings":{"title":"Custom Menu","linklist":"left-meni"}},"2609ab18-f9bf-4ce5-bfc8-e3fd42c808bf":{"type":"carousel","settings":{"title":"Carousel","collection":"best-collections","limit":4}},"cc1a3ed0-0e93-4c94-978b-7ac433b101da":{"type":"collection","settings":{"title":"Featured Products","collection":"featured-products","limit":2}},"f2ae9f35-08d9-4fbf-ba97-d135c0848332":{"type":"image","settings":{"title":"Heading","image":"shopify:\/\/shop_images\/woman-in-park-afternoon.jpeg","link_text":"Shop Now","link":"shopify:\/\/collections"}}},"block_order":["f4db48c5-0619-41ef-9382-9fe36e266948","2609ab18-f9bf-4ce5-bfc8-e3fd42c808bf","cc1a3ed0-0e93-4c94-978b-7ac433b101da","f2ae9f35-08d9-4fbf-ba97-d135c0848332"],"settings":{}},"blog-template":{"type":"blog-template","settings":{"blog_results_per_page":6,"blog_show_author":false,"blog_show_date":true,"blog_comments":false,"blog_show_tag":true,"blog_show_button":true,"blog_show_description":true,"enable_blog_icons":false,"block_banner_style":"list-style","grid":"1","text_position":"text-start","column_gap":"30","enable_box_shadow":false,"content_width":"50\/50","lap_content_width":"40\/60","vertical_position":"vertical-center","overlay_style_height":"400","overlay_style":"use_overlay","overlay_color":"#ea3266","overlay_opacity":"0.5","rotation_degree":"180","split_blog_layout":false,"split_gap":"0"}},"blog-sidebar":{"type":"blog-sidebar","blocks":{"29637960-dcd5-4fe3-882d-b4c5093cec94":{"type":"articles","settings":{"title":"Recent articles","limit":5}},"2ede1c8f-3213-4153-9af1-353cef94fd70":{"type":"tags","settings":{"title":"Tags","limit":10}},"891a0969-9285-4427-87ea-c0e45c33bff2":{"type":"carousel","settings":{"title":"Heading","collection":"featured-products","limit":5}},"a38d3ba3-d77b-42e7-9c53-c333f970a13c":{"type":"collection","settings":{"title":"Heading","collection":"featured-products","limit":2}},"d9d49971-5f19-450d-9f54-486cb0b3a9d6":{"type":"image","settings":{"title":"Heading","link_text":"Shop Now","link":"shopify:\/\/collections"}}},"block_order":["29637960-dcd5-4fe3-882d-b4c5093cec94","2ede1c8f-3213-4153-9af1-353cef94fd70","891a0969-9285-4427-87ea-c0e45c33bff2","a38d3ba3-d77b-42e7-9c53-c333f970a13c","d9d49971-5f19-450d-9f54-486cb0b3a9d6"],"settings":{}},"customer-purchased":{"type":"customer-purchased","blocks":{"a99cf698-9b20-4fae-b092-53ec06ddc104":{"type":"image","settings":{"product":"3d-model-rift-headsets","from":"Texas, US","time":"10 minutes ago"}},"9d66bd40-a2ec-4683-a573-704c38a7a0e9":{"type":"image","settings":{"product":"3d-vr-headset-glass","from":"Newyork, US","time":"45 minutes ago"}},"230b0ecb-020f-4c39-bf47-52b587056412":{"type":"image","settings":{"product":"deluxe-audio-strap","from":"Chennai, India","time":"19 minutes ago"}},"8dbb4b4f-d9ca-4553-b804-4271607154ff":{"type":"image","settings":{"product":"multifunctional-vr","from":"Sydney, Australia","time":"27 minutes ago"}}},"block_order":["a99cf698-9b20-4fae-b092-53ec06ddc104","9d66bd40-a2ec-4683-a573-704c38a7a0e9","230b0ecb-020f-4c39-bf47-52b587056412","8dbb4b4f-d9ca-4553-b804-4271607154ff"],"settings":{"display_recent_purchase":true,"placement":"right","text":"Someone recently bought"}},"home-featured-product":{"type":"home-featured-product","settings":{"featured_product":"dirndl-skew","gallery_type":"thumbnails_horizontal","enable_zoom":true,"enable_video_looping":true,"show_variants_swatches":true,"show_product_vendor":true,"show_product_type":true,"show_product_sku":true,"show_product_quantity":true,"display_back_in_stock":true,"show_quantity_selector":true,"show_checkout":true}},"contact":{"type":"contact","settings":{"full":false,"spacing_both_ends":false,"padding":"0,0","margin":"0,0","section_heading":"We'd love to hear from you","section_sub_heading":"","section_description":"Lorem ipsum dolor sit amet, consectetuer adipiscing elit. Aenean commodo ligula eget dolor. Aenean massa. Cumsociis natoque penatibus et magnis dis parturient montes, nascetur ridiculus mus. Donec quam felis, ultricies","section_button_text":"","section_heading_color":"","section_sub_heading_color":"","section_description_color":"","section_button_bg_color":"","section_button_text_color":"","section_button_hover_bg_color":"","section_button_hover_text_color":"","heading_position":"text-center","contact_layout":"left_map_form_inline","enable_gmap":true,"contact_iframe_code":"<iframe width=\"1920\" height=\"578\" style=\"border:0;overflow:hidden;\" src=\"https:\/\/maps.google.co.in\/?ie=UTF8&t=m&ll=-37.823006,144.977388&spn=0.02034,0.042915&z=14&output=embed\"><\/iframe>","enable_contact_info":true,"contactborder_color":"","contact_hvrborder_color":"","icontactheading_color":"","contacticon_bg_color":"","contacticon_color":"","contacticon_hoverbg_color":"","contacticonhover_color":"","contact_phone":true,"contact_module_contact_phonetitle":"Phone","contact_icon_1":"fa fa-phone","contact_phone1":"<b>Toll-Free: <\/b> 0000 - 123 - 456789","contact_phone2":"<b>Fax: <\/b> 0000 - 123 - 456789","contact_module_email":true,"contact_module_contact_title":"Email","contact_icon_2":"fa fa-envelope","contact_module_email1":"mail@example.com","contact_module_email2":"support@example.com","contact_module_address":true,"contact_module_address_title":"Address","contact_icon_3":"fa fa-location-arrow","contact_module_address1":"No: 58 A, East Madison Street,","contact_module_address2":"Baltimore, MD, USA\n4508","enable_contact_form":true,"contact_form_title":"Send us a Message"}},"password-header":{"type":"password-header","settings":{}},"password-content":{"type":"password-content","settings":{}},"password-footer":{"type":"password-footer","settings":{}},"faq-template":{"type":"faq-template","blocks":{"7b284a94-62f6-4939-b8fd-73ec2f7c3791":{"type":"icon","settings":{"title":"How will my order be delivered to me?","desc":"Ut labore et dolore magna aliqua consectetur adipiscing elit, sed do eiusmod tempor incididunt ut labore et dolore magna aliqua. Ut enim ad minim veniam, quis nostrud exercitation ullamco laboris nisi ut aliquip ex ea commodo consequat. Duis aute irure dolor in reprehenderit in voluptate velit esse cillum dolore eu fugiat nulla pariatur. Excepteur sint occaecat cupidatat non proident, sunt in culpa qui official."}},"5137c74c-2314-4f35-be1e-7388979d781d":{"type":"icon","settings":{"title":"what do I need to know?","desc":"Ut labore et dolore magna aliqua consectetur adipiscing elit, sed do eiusmod tempor incididunt ut labore et dolore magna aliqua. Ut enim ad minim veniam, quis nostrud exercitation ullamco laboris nisi ut aliquip ex ea commodo consequat. Duis aute irure dolor in reprehenderit in voluptate velit esse cillum dolore eu fugiat nulla pariatur. Excepteur sint occaecat cupidatat non proident, sunt in culpa qui official."}},"3fa63d1c-5cf6-4cc0-a156-ed902cb78bf1":{"type":"icon","settings":{"title":"How will I know if order is placed successfully?","desc":"Ut labore et dolore magna aliqua consectetur adipiscing elit, sed do eiusmod tempor incididunt ut labore et dolore magna aliqua. Ut enim ad minim veniam, quis nostrud exercitation ullamco laboris nisi ut aliquip ex ea commodo consequat. Duis aute irure dolor in reprehenderit in voluptate velit esse cillum dolore eu fugiat nulla pariatur. Excepteur sint occaecat cupidatat non proident, sunt in culpa qui official."}},"8ff9126c-1f23-44bf-9bdd-57622c06d691":{"type":"icon","settings":{"title":"How do I check the status of my order?","desc":"Ut labore et dolore magna aliqua consectetur adipiscing elit, sed do eiusmod tempor incididunt ut labore et dolore magna aliqua. Ut enim ad minim veniam, quis nostrud exercitation ullamco laboris nisi ut aliquip ex ea commodo consequat. Duis aute irure dolor in reprehenderit in voluptate velit esse cillum dolore eu fugiat nulla pariatur. Excepteur sint occaecat cupidatat non proident, sunt in culpa qui official."}},"33eccdd4-2d29-4568-a00a-f8aeda67ab6c":{"type":"icon","settings":{"title":"Can I cancel my order?","desc":"Ut labore et dolore magna aliqua consectetur adipiscing elit, sed do eiusmod tempor incididunt ut labore et dolore magna aliqua. Ut enim ad minim veniam, quis nostrud exercitation ullamco laboris nisi ut aliquip ex ea commodo consequat. Duis aute irure dolor in reprehenderit in voluptate velit esse cillum dolore eu fugiat nulla pariatur. Excepteur sint occaecat cupidatat non proident, sunt in culpa qui official."}},"42d29bfc-6c4a-4f8d-a391-d91ee70843ad":{"type":"icon","settings":{"title":"Do you allow exchanges?","desc":"Ut labore et dolore magna aliqua consectetur adipiscing elit, sed do eiusmod tempor incididunt ut labore et dolore magna aliqua. Ut enim ad minim veniam, quis nostrud exercitation ullamco laboris nisi ut aliquip ex ea commodo consequat. Duis aute irure dolor in reprehenderit in voluptate velit esse cillum dolore eu fugiat nulla pariatur. Excepteur sint occaecat cupidatat non proident, sunt in culpa qui official."}},"18729eb6-98cb-4531-b1ce-6da775e2df51":{"type":"icon","settings":{"title":"What are the shipping charges?","desc":"Ut labore et dolore magna aliqua consectetur adipiscing elit, sed do eiusmod tempor incididunt ut labore et dolore magna aliqua. Ut enim ad minim veniam, quis nostrud exercitation ullamco laboris nisi ut aliquip ex ea commodo consequat. Duis aute irure dolor in reprehenderit in voluptate velit esse cillum dolore eu fugiat nulla pariatur. Excepteur sint occaecat cupidatat non proident, sunt in culpa qui official."}}},"block_order":["7b284a94-62f6-4939-b8fd-73ec2f7c3791","5137c74c-2314-4f35-be1e-7388979d781d","3fa63d1c-5cf6-4cc0-a156-ed902cb78bf1","8ff9126c-1f23-44bf-9bdd-57622c06d691","33eccdd4-2d29-4568-a00a-f8aeda67ab6c","42d29bfc-6c4a-4f8d-a391-d91ee70843ad","18729eb6-98cb-4531-b1ce-6da775e2df51"],"settings":{"full":false,"spacing_both_ends":false,"section_heading":"Frequently Asked Questions","section_sub_heading":"A lot more questions","section_description":"","section_button_text":"","section_heading_color":"#1a1a1a","section_sub_heading_color":"#1a1a1a","section_description_color":"#1a1a1a","section_button_bg_color":"#ea3266","section_button_text_color":"#ffffff","section_button_hover_bg_color":"#ffffff","section_button_hover_text_color":"#ffffff","heading_position":"text-center","block_style":"style-3","text_position":"text-start","border_radius":"0","enable_box_shadow":false,"enable_heading_icons":false,"faq_icon_size":"30","enable_segmented_layout":true,"segmented_layout_gap":"15","faq_heading_color":"#ffffff","faq_heading_bg_color":"#ea3266","faq_content_color":"#000000","faq_content_bg_color":"#fff1f5","custom_class_name":""}},"list-collection-template":{"type":"list-collection-template","settings":{"use_custom_list_collection":false,"list-collections":"","collection_btn_text":"Shop Now","show_item_count":true,"show_excerpt":true,"grid":"3"}},"inner-page-overlay-section":{"type":"inner-page-overlay-section","blocks":{"0a08a964-6d51-4d48-af43-5b23545eb901":{"type":"content","settings":{"image":"shopify:\/\/shop_images\/ser-005_copy.jpg","title":"Computing Device","sub_title":"High-End","text":"Sed vestibulum nulla elementum auctor tincidunt. Aliquam sit amet cursus mauris. Sed vitae mattis ipsum. Vestibulum enim nulla, sollicitudin ac hendrerit nec, tempor quis nisl"}},"4145683e-7576-418c-b041-39a1c7aef9eb":{"type":"content","settings":{"image":"shopify:\/\/shop_images\/ser-006_copy.jpg","title":"Headset Device","sub_title":"Smart","text":"Sed vestibulum nulla elementum auctor tincidunt. Aliquam sit amet cursus mauris. Sed vitae mattis ipsum. Vestibulum enim nulla, sollicitudin ac hendrerit nec, tempor quis nisl"}}},"block_order":["0a08a964-6d51-4d48-af43-5b23545eb901","4145683e-7576-418c-b041-39a1c7aef9eb"],"settings":{"enable":true,"full":false,"spacing_both_ends":false,"padding":"0,0","margin":"0,100","show_background_image":false,"background_style":"default","enable_overlay":false,"background_color":"","overlay_transparency":"0.5","section_heading":"Virtual Reality Hardware","section_sub_heading":"Reality Instruments","section_description":"","section_button_text":"","section_heading_color":"","section_sub_heading_color":"","section_description_color":"","section_button_bg_color":"","section_button_text_color":"","section_button_hover_bg_color":"","section_button_hover_text_color":"","heading_position":"text-center","grid":"2","overlay_style_height":600,"overlay_style_height_laptop":500,"overlay_style_height_mobile":400,"block_bg":"","block_heading_color":"","block_sub_heading_color":"","block_description_color":""}},"inner-page-masonary-overlay-section":{"type":"inner-page-masonary-overlay-section","blocks":{"3c4117f4-c21a-4f52-b622-56ed5fd1bdb8":{"type":"content","settings":{"image":"shopify:\/\/shop_images\/abo-004_copy.jpg","title":"Multisensory","sub_title":"Interaction","text":""}},"dbf69147-888d-49b5-8d79-231c07f09f08":{"type":"content","settings":{"image":"shopify:\/\/shop_images\/abo-003_copy.jpg","title":"Augmented","sub_title":"Reality","text":""}}},"block_order":["3c4117f4-c21a-4f52-b622-56ed5fd1bdb8","dbf69147-888d-49b5-8d79-231c07f09f08"],"settings":{"enable":true,"full":false,"spacing_both_ends":false,"padding":"0,0","margin":"100,70","show_background_image":false,"background_style":"default","enable_overlay":false,"background_color":"rgba(0,0,0,0)","overlay_transparency":"0.1","section_heading":"","section_sub_heading":"","section_description":"","section_button_text":"","section_heading_color":"","section_sub_heading_color":"","section_description_color":"","section_button_bg_color":"","section_button_text_color":"","section_button_hover_bg_color":"","section_button_hover_text_color":"","heading_position":"text-center","primary_image":"shopify:\/\/shop_images\/abo-002_copy.jpg","primary_title":"Turning Dreams","primary_sub_title":"Into Reality","primary_description":"","primary_button_text":"","main_banner_height":600,"main_banner_height_lap":550,"main_banner_height_tab":500,"main_banner_height_mobile":450,"block_bg":"#fff1f5","block_heading_color":"","block_sub_heading_color":"","block_description_color":"","primary_button_bg_color":"","primary_button_text_color":"","primary_button_hover_bg_color":"","primary_button_hover_text_color":""}},"inner-page-partial-overlay-section":{"type":"inner-page-partial-overlay-section","blocks":{"f9247685-5350-46d3-ba87-7c3f753f1be1":{"type":"content","settings":{"font_icon":"fa fa-lightbulb-o","title":"Heading","text":"Sed vestibulum nulla elementum auctor tincidunt. Aliquam sit amet cursus mauris. Sed vitae mattis ipsum. Vestibulum enim nulla, sollicitudin ac hendrerit nec, tempor quis nisl","price":"$10.99","text_align":"content-left"}},"a6789bfc-6408-46b6-9b7e-a3bbdecfb7d4":{"type":"content","settings":{"font_icon":"fa fa-lightbulb-o","title":"Heading","text":"Sed vestibulum nulla elementum auctor tincidunt. Aliquam sit amet cursus mauris. Sed vitae mattis ipsum. Vestibulum enim nulla, sollicitudin ac hendrerit nec, tempor quis nisl","price":"$10.99","text_align":"content-left"}},"23739f70-e743-4a3f-9a1f-e919ceafe6b1":{"type":"content","settings":{"font_icon":"fa fa-lightbulb-o","title":"Heading","text":"Sed vestibulum nulla elementum auctor tincidunt. Aliquam sit amet cursus mauris. Sed vitae mattis ipsum. Vestibulum enim nulla, sollicitudin ac hendrerit nec, tempor quis nisl","price":"$10.99","text_align":"content-right"}},"a21f3c7a-5ff1-4ee9-bc1b-9dfc25ff4045":{"type":"content","settings":{"font_icon":"fa fa-lightbulb-o","title":"Heading","text":"Sed vestibulum nulla elementum auctor tincidunt. Aliquam sit amet cursus mauris. Sed vitae mattis ipsum. Vestibulum enim nulla, sollicitudin ac hendrerit nec, tempor quis nisl","price":"$10.99","text_align":"content-right"}}},"block_order":["f9247685-5350-46d3-ba87-7c3f753f1be1","a6789bfc-6408-46b6-9b7e-a3bbdecfb7d4","23739f70-e743-4a3f-9a1f-e919ceafe6b1","a21f3c7a-5ff1-4ee9-bc1b-9dfc25ff4045"],"settings":{"enable":true,"full":false,"spacing_both_ends":false,"padding":"0,0","margin":"0,0","show_background_image":false,"background_style":"default","enable_overlay":false,"background_color":"","overlay_transparency":"0.5","section_heading":"inner-page partial overlay section","section_sub_heading":"Sub Heading","section_description":"Use this text to share the information which you like!.","section_button_text":"","section_heading_color":"","section_sub_heading_color":"","section_description_color":"","section_button_bg_color":"","section_button_text_color":"","section_button_hover_bg_color":"","section_button_hover_text_color":"","heading_position":"text-center","grid":"2","overlay_style_height":500,"overlay_style_height_laptop":550,"overlay_style_height_tab":600,"overlay_style_height_mobile":650,"block_bg":"","block_heading_color":"","block_description_color":"","block_price_bg_color":"","block_price_color":"","block_icon_color":"","block_icon_bg_color":""}},"inner-page-list-with-image-section":{"type":"inner-page-list-with-image-section","blocks":{"db918014-b52f-40ba-a490-e373871cdd31":{"type":"content","settings":{"sub_title":"Responsive"}},"a622fd04-6936-4748-9677-545e085429a7":{"type":"content","settings":{"sub_title":"Interactive"}},"771569b2-c0bb-475f-b048-fe9918f013fe":{"type":"content","settings":{"sub_title":"More Realistic"}},"ef2ce8e6-c6cf-46dd-aa6d-87d4d3ec8dfd":{"type":"content","settings":{"sub_title":"Fully Immersive"}},"e9dd0b5a-6569-4fd5-a441-0206d1d6e4d1":{"type":"content","settings":{"sub_title":"More Affordable"}}},"block_order":["db918014-b52f-40ba-a490-e373871cdd31","a622fd04-6936-4748-9677-545e085429a7","771569b2-c0bb-475f-b048-fe9918f013fe","ef2ce8e6-c6cf-46dd-aa6d-87d4d3ec8dfd","e9dd0b5a-6569-4fd5-a441-0206d1d6e4d1"],"settings":{"enable":true,"full":false,"spacing_both_ends":false,"padding":"100,70","margin":"0,0","show_background_image":false,"background_style":"default","enable_overlay":true,"background_color":"#ea3266","overlay_transparency":"1","section_heading":"","section_sub_heading":"","section_description":"","section_button_text":"","section_heading_color":"","section_sub_heading_color":"","section_description_color":"","section_button_bg_color":"","section_button_text_color":"","section_button_hover_bg_color":"","section_button_hover_text_color":"","heading_position":"text-center","middle_image":"shopify:\/\/shop_images\/mob-slider1_a76c741a-32f5-450b-ac47-45753abf0bb0.jpg","title":"Virtual Reality Technology","text":"Sed vestibulum nulla elementum auctor tincidunt. Aliquam sit amet cursus mauris. Sed vitae mattis ipsum. Vestibulum enim nulla, sollicitudin ac hendrerit nec, tempor quis nisl","block_heading_color":"#ffffff","block_description_color":"#ffffff","block_list_icon_color":"#ffffff","block_list_color":"#ffffff"}},"inner-page-content-with-image-section":{"type":"inner-page-content-with-image-section","blocks":{"eca2e29f-66b5-4161-a1a9-c2d3c01af5a5":{"type":"content","settings":{"image":"shopify:\/\/shop_images\/servi-1.jpg","font_icon":"fa fa-bolt","title":"Virtual Reality for Architecture","text":"Pellentesque gravida scelerisque pretium. Quisque ut lacus quis neque lacinia lacinia. Ut eget augue nec ipsum pharetra venenatis. Nullam eget lacus sed lorem vehicula facilisis. Maecenas blandit nisi eu scelerisque tempus.","reverse_column":false}},"4bdd8e8a-ef7f-4ad9-9d8a-d5fd43d8383d":{"type":"content","settings":{"image":"shopify:\/\/shop_images\/servi-2.jpg","font_icon":"fa fa-bullseye","title":"Virtual Reality for Education","text":"Vestibulum ante ipsum primis in faucibus orci luctus et ultrices posuere cubilia curae; Nulla pharetra elit erat, ac rhoncus orci aliquet in. Nullam bibendum elit sed leo malesuada, a lacinia magna elementum. Curabitur vitae sem at libero.","reverse_column":true}},"935a8cd4-eac1-44a8-a002-ad2872f4709e":{"type":"content","settings":{"image":"shopify:\/\/shop_images\/servi-3.jpg","font_icon":"fa fa-film","title":"Virtual Reality for Entertainment","text":"Sed vestibulum nulla elementum auctor tincidunt. Aliquam sit amet cursus mauris. Sed vitae mattis ipsum. Vestibulum enim nulla, sollicitudin ac hendrerit nec, tempor quis nisl","reverse_column":false}}},"block_order":["eca2e29f-66b5-4161-a1a9-c2d3c01af5a5","4bdd8e8a-ef7f-4ad9-9d8a-d5fd43d8383d","935a8cd4-eac1-44a8-a002-ad2872f4709e"],"settings":{"enable":true,"full":false,"spacing_both_ends":false,"padding":"0,0","margin":"100,70","show_background_image":false,"background_style":"default","enable_overlay":false,"background_color":"","overlay_transparency":"0.5","section_heading":"Virtual Reality Devices","section_sub_heading":"More Realistic","section_description":"","section_button_text":"","section_heading_color":"","section_sub_heading_color":"","section_description_color":"","section_button_bg_color":"","section_button_text_color":"","section_button_hover_bg_color":"","section_button_hover_text_color":"","heading_position":"text-center","block_bg_image":"shopify:\/\/shop_images\/pattern-leaf.png","block_bg":"","block_heading_color":"","block_description_color":"","block_icon_color":""}},"inner-page-image-with-icon-section":{"type":"inner-page-image-with-icon-section","blocks":{"ce7b5ad3-875e-4a77-bf80-b4c716a46f90":{"type":"content","settings":{"font_icon":"fa fa-lightbulb-o","title":"Heading","text":"Sed vestibulum nulla elementum auctor tincidunt. Aliquam sit amet cursus mauris. Sed vitae mattis ipsum. Vestibulum enim nulla, sollicitudin ac hendrerit nec, tempor quis nisl"}},"17993132-11fc-4ee6-baaa-71cee23aa200":{"type":"content","settings":{"font_icon":"fa fa-lightbulb-o","title":"Heading","text":"Sed vestibulum nulla elementum auctor tincidunt. Aliquam sit amet cursus mauris. Sed vitae mattis ipsum. Vestibulum enim nulla, sollicitudin ac hendrerit nec, tempor quis nisl"}},"ce38b171-7135-4dfe-93e3-81fba7225e2a":{"type":"content","settings":{"font_icon":"fa fa-lightbulb-o","title":"Heading","text":"Sed vestibulum nulla elementum auctor tincidunt. Aliquam sit amet cursus mauris. Sed vitae mattis ipsum. Vestibulum enim nulla, sollicitudin ac hendrerit nec, tempor quis nisl"}}},"block_order":["ce7b5ad3-875e-4a77-bf80-b4c716a46f90","17993132-11fc-4ee6-baaa-71cee23aa200","ce38b171-7135-4dfe-93e3-81fba7225e2a"],"settings":{"enable":true,"full":false,"spacing_both_ends":false,"padding":"100,100","margin":"100,100","show_background_image":false,"background_style":"default","enable_overlay":true,"background_color":"","overlay_transparency":"0.1","section_heading":"Image with icon section","section_sub_heading":"Sub Heading","section_description":"Use this text to share the information which you like!.","section_button_text":"","section_heading_color":"","section_sub_heading_color":"","section_description_color":"","section_button_bg_color":"","section_button_text_color":"","section_button_hover_bg_color":"","section_button_hover_text_color":"","heading_position":"text-center","grid":"3","block_heading_color":"","block_description_color":"","block_icon_bg_color":"","block_icon_color":"","block_icon_bg_hover_color":"","block_icon_hover_color":""}},"inner-page-image-with-icon-section-type-2":{"type":"inner-page-image-with-icon-section-type-2","blocks":{"5ff26465-8491-4577-bc08-08762ac3cabc":{"type":"content","settings":{"font_icon":"fa fa-lightbulb-o","title":"Dynamic Lighting","text":""}},"f23db09e-9afd-441a-ae13-d7b5996ca327":{"type":"content","settings":{"font_icon":"fa fa-volume-up","title":"Foveated Rendering","text":""}},"4935a70f-cefe-483d-98eb-70636ede9f91":{"type":"content","settings":{"font_icon":"fa fa-globe","title":"Motion Tracking","text":""}},"9883848c-a246-4b5d-afd6-4c754dd5c78c":{"type":"content","settings":{"font_icon":"fa fa-film","title":"Positional Sensor","text":""}}},"block_order":["5ff26465-8491-4577-bc08-08762ac3cabc","f23db09e-9afd-441a-ae13-d7b5996ca327","4935a70f-cefe-483d-98eb-70636ede9f91","9883848c-a246-4b5d-afd6-4c754dd5c78c"],"settings":{"enable":true,"full":false,"spacing_both_ends":false,"padding":"0,0","margin":"0,100","show_background_image":false,"background_style":"default","enable_overlay":false,"background_color":"","overlay_transparency":"0.5","section_heading":"","section_sub_heading":"","section_description":"","section_button_text":"","section_heading_color":"","section_sub_heading_color":"","section_description_color":"","section_button_bg_color":"","section_button_text_color":"","section_button_hover_bg_color":"","section_button_hover_text_color":"","heading_position":"text-center","image":"shopify:\/\/shop_images\/abo-001_copy.jpg","main_title":"A Virtual World of Live Pictures. Helping Dreams Become Reality.","sub_title":"Morbi quis vehicula libero. Quisque sagittis ligula eu euismod lobortis. Mauris dapibus mi vitae mi pellentesque congue. Duis vitae metus enim. Nullam nisi justo, varius nec sagittis in, tincidunt vel ligula. Maecenas ornare libero nulla, nec dictum.","block_heading_color":"","block_description_color":"","block_icon_bg_color":"","block_icon_color":"","block_icon_bg_hover_color":"","block_icon_hover_color":""}},"inner-page-icon-text-section":{"type":"inner-page-icon-text-section","blocks":{"6ed4671d-4f64-4b0a-8ae1-44c5a48376e6":{"type":"content","settings":{"image":"shopify:\/\/shop_images\/abou-icon-2.png","title":"Dynamic Lighting","text":""}},"78019ec0-73ac-4457-bf6e-38479870a3a6":{"type":"content","settings":{"image":"shopify:\/\/shop_images\/abou-icon-3.png","title":"Foveated Rendering","text":""}},"ae79a7c3-9e0a-4ba0-8f69-0fd82e92ec79":{"type":"content","settings":{"image":"shopify:\/\/shop_images\/abou-icon-4.png","title":"Motion Tracking","text":""}},"6791cdc7-7e64-475c-b321-9566ca5e4f82":{"type":"content","settings":{"image":"shopify:\/\/shop_images\/abou-icon-5.png","title":"Positional Sensor","text":""}}},"block_order":["6ed4671d-4f64-4b0a-8ae1-44c5a48376e6","78019ec0-73ac-4457-bf6e-38479870a3a6","ae79a7c3-9e0a-4ba0-8f69-0fd82e92ec79","6791cdc7-7e64-475c-b321-9566ca5e4f82"],"settings":{"enable":true,"full":false,"spacing_both_ends":false,"padding":"100,65","margin":"0,0","show_background_image":true,"background_style":"default","enable_overlay":true,"background_color":"#ea3266","overlay_transparency":"1","section_heading":"VR Devices","section_sub_heading":"High-Tech","section_description":"","section_button_text":"","section_heading_color":"#ffffff","section_sub_heading_color":"#ffffff","section_description_color":"","section_button_bg_color":"","section_button_text_color":"","section_button_hover_bg_color":"","section_button_hover_text_color":"","heading_position":"text-center","column":"four-column","block_heading_color":"#ffffff","block_description_color":""}},"inner-page-team-section":{"type":"inner-page-team-section","blocks":{"87423189-7920-4045-99e2-148c25a11979":{"type":"content","settings":{"image":"shopify:\/\/shop_images\/service-09.jpg","name":"Sam Morales","designation":"CEO","facebook":"#","twitter":"#","pinterest":"#","youtube":"#"}},"8e98ff50-12a4-4169-8919-91f92bd960a3":{"type":"content","settings":{"image":"shopify:\/\/shop_images\/service-10.jpg","name":"Russell Lloyd","designation":"Customer Support","facebook":"#","twitter":"#","pinterest":"#","youtube":"#"}},"af12c133-f72e-4a02-a6a1-e161127752eb":{"type":"content","settings":{"image":"shopify:\/\/shop_images\/service-11.jpg","name":"Rosey Tyler","designation":"Retail Manager","facebook":"#","twitter":"#","pinterest":"#","youtube":"#"}},"1568878c-641d-4f2b-8110-53208a8b8555":{"type":"content","settings":{"image":"shopify:\/\/shop_images\/service-12.jpg","name":"Allen Woods","designation":"Marketing Manager","facebook":"#","twitter":"#","pinterest":"#","youtube":"#"}}},"block_order":["87423189-7920-4045-99e2-148c25a11979","8e98ff50-12a4-4169-8919-91f92bd960a3","af12c133-f72e-4a02-a6a1-e161127752eb","1568878c-641d-4f2b-8110-53208a8b8555"],"settings":{"enable":true,"full":false,"spacing_both_ends":false,"padding":"0,0","margin":"100,0","show_background_image":false,"background_style":"default","enable_overlay":false,"background_color":"","overlay_transparency":"0.5","section_heading":"Our Team","section_sub_heading":"","section_description":"","section_button_text":"","section_heading_color":"","section_sub_heading_color":"","section_description_color":"","section_button_bg_color":"","section_button_text_color":"","section_button_hover_bg_color":"","section_button_hover_text_color":"","heading_position":"text-center","column":"four-column","block_heading_color":"#ea3266","block_designation_color":"#161525","block_bg":"#fff1f5","block_social_icon_bg_color":"#ea3266","block_social_icon_color":"#ffffff","block_social_icon_hover_bg_color":"#161525","block_social_icon_hover_color":"#ffffff"}},"inner-page-info-box-section":{"type":"inner-page-info-box-section","settings":{"enable":true,"full":false,"spacing_both_ends":false,"padding":"100,100","margin":"100,100","show_background_image":false,"background_style":"default","enable_overlay":true,"background_color":"","overlay_transparency":"0.1","section_heading":"Custom Info Box","section_sub_heading":"Sub Heading","section_description":"Use this text to share the information which you like!.","section_button_text":"","section_heading_color":"","section_sub_heading_color":"","section_description_color":"","section_button_bg_color":"","section_button_text_color":"","section_button_hover_bg_color":"","section_button_hover_text_color":"","heading_position":"text-center","heading":"Join Us :","sub_heading":"let's get our hands dirty","text":"Etiam sit amet orci eget eros faucibus tincidunt. Duis leo. Sed fringilla mauris sit amet nibh. Donec sodales sagittis magna.","button_text":"Shop Now","button_link":"shopify:\/\/collections","block_bg":"","block_border":"","block_heading_color":"","block_sub_heading_color":"","block_description_color":"","block_button_bg_color":"","block_button_text_color":"","block_button_hover_bg_color":"","block_button_hover_text_color":""}},"inner-page-icon-box-section":{"type":"inner-page-icon-box-section","blocks":{"3ed109fc-5e30-443a-a0da-1cf7c1061261":{"type":"content","settings":{"font_icon":"fa fa-film","title":"Six degrees of freedom","text":"Pellentesque gravida scelerisque pretium. Quisque ut quis neque lacinia lacinia. Ut eget augue nec ipsum pharetra venenatis. Nullam eget lacus sed lorem.","reverse_column":true}},"4dfa00c9-68cc-4949-9e86-0a632a06a256":{"type":"content","settings":{"font_icon":"fa fa-headphones","title":"Augmented virtuality","text":"Donec erat ligula, ultricies ut eleifend egestas, imperdiet vitae felis. Vestibulum imperdiet mauris arcu, at commodo neque gravida in aliquam.","reverse_column":false}},"0e21e84e-d959-492e-a039-930f1a6fb3cc":{"type":"content","settings":{"font_icon":"fa fa-map-signs","title":"Navigation and tracking","text":"Vestibulum ac finibus nulla. Praesent posuere, nibh a bibendum tincidunt, nulla lectus varius nisi, vel pulvinar magna lectus at turpis cras nibh.","reverse_column":true}},"00e516cb-3ddd-465e-bf8d-ff3985d85fe0":{"type":"content","settings":{"font_icon":"fa fa-globe","title":"Open-world exploration","text":"Morbi quis vehicula libero. Quisque sagittis ligula eu euismod lobortis. Mauris dapibus mi vitae mi pellentesque congue. Duis vitae metus enim.","reverse_column":false}}},"block_order":["3ed109fc-5e30-443a-a0da-1cf7c1061261","4dfa00c9-68cc-4949-9e86-0a632a06a256","0e21e84e-d959-492e-a039-930f1a6fb3cc","00e516cb-3ddd-465e-bf8d-ff3985d85fe0"],"settings":{"enable":true,"full":false,"spacing_both_ends":false,"padding":"100,70","margin":"0,0","show_background_image":false,"background_style":"default","enable_overlay":true,"background_color":"#ea3266","overlay_transparency":"1","section_heading":"Welcome to World of Virtux","section_sub_heading":"","section_description":"","section_button_text":"","section_heading_color":"#ffffff","section_sub_heading_color":"","section_description_color":"","section_button_bg_color":"","section_button_text_color":"","section_button_hover_bg_color":"","section_button_hover_text_color":"","heading_position":"text-center","grid":"2","block_heading_color":"#ffffff","block_description_color":"#ffffff","block_icon_bg_color":"#ffffff","block_icon_color":"#ea3266","block_icon_bg_hover_color":"#1a1a1a","block_icon_hover_color":"#ffffff"}},"inner-page-number-counter-section":{"type":"inner-page-number-counter-section","blocks":{"5b187497-011f-40fe-9038-d10d9fafa333":{"type":"class","settings":{"class":"fa fa-battery-quarter","title":"Augmented Reality","text":"","value":"80","value_text":"+"}},"d4932658-17f4-404f-9067-dea98f539f7a":{"type":"class","settings":{"class":"fa fa-image","title":"Collision Detection","text":"","value":"50","value_text":"+"}},"a991868b-226b-4f7c-b6cf-fcd0ca154901":{"type":"class","settings":{"class":"fa fa-volume-down","title":"Interactive Narrative","text":"","value":"99","value_text":"+"}},"3cf774a2-40f5-47bb-9392-29a454783c06":{"type":"class","settings":{"class":"fa fa-music","title":"Embodied Cognition","text":"","value":"1100","value_text":"+"}},"64a8397d-2743-4d65-ac56-89938f80618e":{"type":"class","settings":{"class":"fa fa-headphones","title":"Head Tracking","text":"","value":"75","value_text":"+"}}},"block_order":["5b187497-011f-40fe-9038-d10d9fafa333","d4932658-17f4-404f-9067-dea98f539f7a","a991868b-226b-4f7c-b6cf-fcd0ca154901","3cf774a2-40f5-47bb-9392-29a454783c06","64a8397d-2743-4d65-ac56-89938f80618e"],"settings":{"enable":true,"full":false,"spacing_both_ends":false,"padding":"100,100","margin":"0,0","show_background_image":false,"background_style":"default","enable_overlay":true,"background_color":"#ea3266","overlay_transparency":"1","section_heading":"Turning Dreams Into Reality","section_sub_heading":"","section_description":"","section_button_text":"","section_heading_color":"#ffffff","section_sub_heading_color":"","section_description_color":"","section_button_bg_color":"","section_button_text_color":"","section_button_hover_bg_color":"","section_button_hover_text_color":"","heading_position":"text-center","grid":"5","column_gap":"30","counter_style":"grid","vertical_position":"vertical-top","block_text_align":"text-center","reverse_column":false,"enable_boxed":false,"enable_overall_border":false,"border_radius":"0","icon_border_radius":"50%","block_icon_outer_size":"170","block_icon_size":"50","enable_box_shadow":false,"block_bg_color":"","block_icon_border_color":"#ffffff","block_icon_bg_color":"","block_icon_color":"#ffffff","block_title_color":"#ffffff","block_text_color":"#ffffff","block_value_color":"#ffffff","block_value_text_color":"#ffffff","block_border_color":""}},"inner-page-brand-logos":{"type":"inner-page-brand-logos","blocks":{"688a45f9-6fe8-4976-9fcc-c33557293bfd":{"type":"Image","settings":{"title":"Brand Name"}},"7cca641f-b7f6-4c06-9323-f205d890fcdc":{"type":"Image","settings":{"title":"Brand Name"}},"d8f2ff80-12c9-4ceb-ba90-8e53427b1867":{"type":"Image","settings":{"title":"Brand Name"}}},"block_order":["688a45f9-6fe8-4976-9fcc-c33557293bfd","7cca641f-b7f6-4c06-9323-f205d890fcdc","d8f2ff80-12c9-4ceb-ba90-8e53427b1867"],"settings":{"enable":true,"full":false,"spacing_both_ends":false,"padding":"","margin":"","show_background_image":false,"background_style":"default","enable_overlay":false,"background_color":"","overlay_transparency":"0.1","section_heading":"Brand logos","section_sub_heading":"Sub Heading","section_description":"Use this text to share the information which you like!.","section_button_text":"","section_heading_color":"","section_sub_heading_color":"","section_description_color":"","section_button_bg_color":"","section_button_text_color":"","section_button_hover_bg_color":"","section_button_hover_text_color":"","heading_position":"text-center","grid":"3","block_style":"style-3","enable_box_shadow":false,"column_gap":"30","border_radius":"0","block_border_color":"","block_background_color":"rgba(0,0,0,0)","enable_slider":false,"enable_auto_height":true,"items_per_view":4,"slider_autoplay":0,"dots":true,"carousel_pagination_alignment":"center_pagination","arrows":true,"nav_arrow_position":"navigation-bottom-center","center_nav_arrow_alignment":"outside_container","navigation_button_color":"","navigation_button_icon_color":"","navigation_button_hover_color":"","navigation_button_hover_icon_color":"","navigation_dot_color":"","navigation_dot_active_color":""}},"inner-page-testimonials-section":{"type":"inner-page-testimonials-section","blocks":{"bc0e66ac-1e3d-4f6a-9827-b38dd843d394":{"type":"content","settings":{"quote":"<p>Donec erat ligula, ultricies ut eleifend egestas, imperdiet vitae felis. Vestibulum imperdiet mauris arcu, at commodo neque gravida in sed fringilla nisi egestas volutpat massa.<\/p>","icon":"shopify:\/\/shop_images\/ser-003_copy.jpg","author":"Sherry Lindsey","job":"Childcare worker","star":"4.5"}},"ce438f17-9ea3-48ee-acd5-80fd1e5c97df":{"type":"content","settings":{"quote":"<p>Vestibulum ac finibus nulla. Praesent posuere, nibh a bibendum tincidunt, nulla lectus varius nisi, vel pulvinar magna lectus at libero leo bibendum malesuada venenatis turpis.<\/p>","icon":"shopify:\/\/shop_images\/ser-004_copy.jpg","author":"Rosemarie Curry","job":"Physical Therapist","star":"3.5"}},"66e09717-2553-410f-a4b3-2a9fd2aa1fe5":{"type":"content","settings":{"quote":"<p>Pellentesque gravida scelerisque pretium. Quisque ut lacus quis neque lacinia lacinia. Ut eget augue nec ipsum pharetra venenatis. Nullam eget lacus sed lorem vehicula.<\/p>","icon":"shopify:\/\/shop_images\/ser-002_copy.jpg","author":"Shane Parker","job":"Art Director","star":"4.5"}}},"block_order":["bc0e66ac-1e3d-4f6a-9827-b38dd843d394","ce438f17-9ea3-48ee-acd5-80fd1e5c97df","66e09717-2553-410f-a4b3-2a9fd2aa1fe5"],"settings":{"enable":true,"full":false,"spacing_both_ends":false,"padding":"0,0","margin":"100,0","show_background_image":false,"background_style":"default","enable_overlay":false,"background_color":"","overlay_transparency":"0.1","section_heading":"Testimonials","section_sub_heading":"Happy Customers","section_description":"","section_button_text":"","section_heading_color":"","section_sub_heading_color":"","section_description_color":"","section_button_bg_color":"","section_button_text_color":"","section_button_hover_bg_color":"","section_button_hover_text_color":"","heading_position":"text-center","grid":"1","block_style":"style_2","boxed_styles":"default","enable_box_shadow":false,"reverse_column":false,"text_position":"text-center","quote_style":"no-quote-icon","author_info_style":"style_2","border_radius":"50%","boxed_border_radius":"0","column_gap":"30","content_width":"30\/70","lap_content_width":"20\/80","vertical_position":"vertical-center","testimonial_border_color":"","testimonial_background_color":"","testimonial_content_color":"","testimonial_review_color":"","testimonial_author_text_color":"","testimonial_author_designation_color":"","testimonial_author_separator_color":"","testimonial_quote_icon_color":"","enable_slider":true,"enable_auto_height":true,"items_per_view":1,"slider_autoplay":1,"dots":true,"carousel_pagination_alignment":"center_pagination","carousel_pagination_bottom_alignment":"outside_element","arrows":false,"nav_arrow_position":"center-navigation","center_nav_arrow_alignment":"outside_container","navigation_button_color":"","navigation_button_icon_color":"","navigation_button_hover_color":"","navigation_button_hover_icon_color":"","navigation_dot_color":"#161525","navigation_dot_active_color":"#161525"}},"article-template":{"type":"article-template","settings":{"show_blog_author":true,"show_blog_date":true,"show_blog_tag":false,"social_sharing_blog":true,"blog_meta_color":"#161525","blog_meta_icon_color":"#ea3266"}},"1620907710eae21129":{"type":"slideshow","blocks":{"bf8aa979-cafb-4b2f-af22-f59a0b4af338":{"type":"Slider","settings":{"image":"shopify:\/\/shop_images\/mob-slider1.jpg","mobile_bg_clr":"","text_alignment":"text-start","content_position":"center-left","show_image":false,"title_2":"","subheading_color":"","subheading_size":"20","title":"We Craft Virtual and Augmented Reality Experiences","heading_color":"#ffffff","heading_size":"56","desc":"3D Virtual and Augmented Reality panoramas to demonstrate your products and also offer an improved user experience.","desc_color":"#ffffff","desc_size":"22","button":"Explore More","link":"shopify:\/\/collections","btn_bg_color":"#ea3266","btn_txt_color":"#ffffff","btn_hoverbg_color":"#ffffff","btn_hovertxt_color":"#ea3266","button_2":"","btn_bg_color_2":"","btn_txt_color_2":"","btn_hoverbg_color_2":"","btn_hovertxt_color_2":"","slide_content_bg":""}},"b7d5383e-b854-4857-9ae2-cf7fa74baee8":{"type":"Slider","settings":{"image":"shopify:\/\/shop_images\/slider2-bg.jpg","mobile_bg_clr":"#ffffff","text_alignment":"text-start","content_position":"center-left","show_image":false,"title_2":"360 <sup>0<\/sup>","subheading_color":"#ea3266","subheading_size":"86","title":"Re-imaging the world","heading_color":"","heading_size":"56","desc":"3D Virtual and augmented reality panoramas to demonstrate","desc_color":"","desc_size":"22","button":"Shop Now","link":"shopify:\/\/collections","btn_bg_color":"#ea3266","btn_txt_color":"#ffffff","btn_hoverbg_color":"#161525","btn_hovertxt_color":"#ffffff","button_2":"","btn_bg_color_2":"","btn_txt_color_2":"","btn_hoverbg_color_2":"","btn_hovertxt_color_2":"","slide_content_bg":""}},"e7185fb7-90bc-4734-8f14-5cc88654bd37":{"type":"Slider","settings":{"image":"shopify:\/\/shop_images\/slider3-bg.jpg","mobile_bg_clr":"","text_alignment":"text-start","content_position":"center-left","show_image":false,"title_2":"Introducing magus 360","subheading_color":"#ea3266","subheading_size":"40","title":"Reshaping reality","heading_color":"#ffffff","heading_size":"56","desc":"Create virtual reality world wide variety of VR equipment","desc_color":"#ffffff","desc_size":"22","button":"Shop Now","link":"shopify:\/\/collections","btn_bg_color":"#ea3266","btn_txt_color":"#ffffff","btn_hoverbg_color":"#ffffff","btn_hovertxt_color":"#ea3266","button_2":"","btn_bg_color_2":"","btn_txt_color_2":"","btn_hoverbg_color_2":"","btn_hovertxt_color_2":"","slide_content_bg":""}}},"block_order":["bf8aa979-cafb-4b2f-af22-f59a0b4af338","b7d5383e-b854-4857-9ae2-cf7fa74baee8","e7185fb7-90bc-4734-8f14-5cc88654bd37"],"settings":{"full":true,"spacing_both_ends":false,"margin":"0,0","slider_height":850,"slider_height_lap":700,"slider_height_tab":600,"slider_height_mobile":350,"content_within_container":false,"enable_box_shadow":false,"border_radius":"0","content_border_radius":"0","autoplay":false,"slideshow_speed":"5000","dots":false,"carousel_pagination_alignment":"center_pagination","carousel_pagination_bottom_alignment":"inside_element","arrows":true,"nav_arrow_position":"center-navigation","center_nav_arrow_alignment":"inside_container","navigation_button_color":"","navigation_button_icon_color":"","navigation_button_hover_color":"","navigation_button_hover_icon_color":"","navigation_dot_color":"","navigation_dot_active_color":"","custom_class_name":"","bottom_image":"shopify:\/\/shop_images\/curve-bg.png"}},"1620908959e277dca1":{"type":"home-product-carousel","settings":{"full":true,"spacing_both_ends":true,"padding":"0,0","margin":"100,100","show_background_image":false,"background_style":"default","enable_overlay":false,"background_color":"","overlay_transparency":"0.5","section_heading":"The real world Immersion","section_sub_heading":"High-Quality VR","section_description":"","section_button_text":"","section_heading_color":"","section_sub_heading_color":"","section_description_color":"","section_button_bg_color":"","section_button_text_color":"","section_button_hover_bg_color":"","section_button_hover_text_color":"","heading_position":"text-center","grouped_content_bg":"","grouped_column_gap":"30","grouped_content_padding":"0","group_border_radius":"0","enable_group_box_shadow":false,"reverse_column":false,"content_width":"30\/70","lap_content_width":"35\/65","additional_block_background_color":"","additional_block_box_shadow":false,"additional_content_padding":"0","additional_block_border_radius":"0","enable_main_content":true,"main_block_background_color":"","enable_main_block_box_shadow":false,"main_block_border_radius":"0","main_content_padding":"0","collection":"home-page-set-1","column_gap":"30","border_radius":"0","enable_list_view":false,"grid":"4","post_limit":4,"enable_slider":false,"items_per_view":4,"rows":3,"slider_autoplay":0,"enable_auto_height":false,"dots":false,"carousel_pagination_alignment":"center_pagination","carousel_pagination_bottom_alignment":"outside_element","arrows":false,"nav_arrow_position":"navigation-top-right","center_nav_arrow_alignment":"inside_container","navigation_button_color":"","navigation_button_icon_color":"","navigation_button_hover_color":"","navigation_button_hover_icon_color":"","navigation_dot_color":"","navigation_dot_active_color":"","custom_class_name":""}},"1620909223daf49874":{"type":"home-grid-banner","blocks":{"1620909223daf49874-0":{"type":"content","settings":{"block_image":"shopify:\/\/shop_images\/Left-Image.jpg","show_image":true,"block_title":"Reach out & let your mind explore","block_sub_title":"About the Project","block_description":"Immerse yourself in an incredible new worlds, find yourself in the center of fascinating universe and try out a new way to play with immerse yourself in an incredible new worlds.","block_button_text":"Explore More","block_button_link":"shopify:\/\/collections","block_text_align":"text-start","content_position":"center","reverse_column":false,"block_banner_bg":"","block_content_box_bg":"","block_heading_color":"","block_sub_heading_color":"","block_description_color":"","block_button_bg_color":"","block_button_text_color":"","block_button_hover_bg_color":"","block_button_hover_text_color":"","overlay_style":"use_gradient_overlay","overlay_color":"","overlay_opacity":"0.5","rotation_degree":"90"}}},"block_order":["1620909223daf49874-0"],"settings":{"full":true,"spacing_both_ends":true,"padding":"0,0","margin":"30,0","show_background_image":false,"background_style":"default","enable_overlay":false,"background_color":"","overlay_transparency":"0.5","section_heading":"","section_sub_heading":"","section_description":"","section_button_text":"","section_heading_color":"","section_sub_heading_color":"","section_description_color":"","section_button_bg_color":"","section_button_text_color":"","section_button_hover_bg_color":"","section_button_hover_text_color":"","heading_position":"text-center","block_banner_style":"list","column_gap":"30","grid":"1","border_radius":"0","enable_box_shadow":false,"equal_height":false,"content_width":"50\/50","lap_content_width":"40\/60","overlay_style_height":600,"overlay_style_height_laptop":500,"overlay_style_height_mobile":400,"custom_class_name":""}},"162091051914329d05":{"type":"home-product-carousel","settings":{"full":true,"spacing_both_ends":true,"padding":"0,0","margin":"100,100","show_background_image":false,"background_style":"default","enable_overlay":false,"background_color":"","overlay_transparency":"0.5","section_heading":"VR With Better Perspective","section_sub_heading":"Latest Arrivals","section_description":"","section_button_text":"","section_heading_color":"","section_sub_heading_color":"","section_description_color":"","section_button_bg_color":"","section_button_text_color":"","section_button_hover_bg_color":"","section_button_hover_text_color":"","heading_position":"text-center","grouped_content_bg":"","grouped_column_gap":"30","grouped_content_padding":"0","group_border_radius":"0","enable_group_box_shadow":false,"reverse_column":false,"content_width":"30\/70","lap_content_width":"35\/65","additional_block_background_color":"","additional_block_box_shadow":false,"additional_content_padding":"0","additional_block_border_radius":"0","enable_main_content":true,"main_block_background_color":"","enable_main_block_box_shadow":false,"main_block_border_radius":"0","main_content_padding":"0","collection":"home-page-set-2","column_gap":"30","border_radius":"0","enable_list_view":false,"grid":"4","post_limit":4,"enable_slider":false,"items_per_view":4,"rows":3,"slider_autoplay":0,"enable_auto_height":false,"dots":false,"carousel_pagination_alignment":"center_pagination","carousel_pagination_bottom_alignment":"outside_element","arrows":false,"nav_arrow_position":"navigation-top-right","center_nav_arrow_alignment":"inside_container","navigation_button_color":"","navigation_button_icon_color":"","navigation_button_hover_color":"","navigation_button_hover_icon_color":"","navigation_dot_color":"","navigation_dot_active_color":"","custom_class_name":""}},"1620910628bb1c5715":{"type":"home-grid-banner","blocks":{"1620910628bb1c5715-0":{"type":"content","settings":{"block_image":"shopify:\/\/shop_images\/Right-image.jpg","show_image":true,"block_title":"New & Better Features","block_sub_title":"Our VR Features","block_description":"Donec ipsum neque, tincidunt non auctor at, finibus vitae nunc. Fusce sagittis, tortor sed viverra elementum, odio odio tempus quam, ac imperdiet dui lacus eu magna.","block_button_text":"Explore More","block_button_link":"shopify:\/\/collections\/all","block_text_align":"text-start","content_position":"center-left","reverse_column":true,"block_banner_bg":"","block_content_box_bg":"","block_heading_color":"","block_sub_heading_color":"","block_description_color":"","block_button_bg_color":"","block_button_text_color":"","block_button_hover_bg_color":"","block_button_hover_text_color":"","overlay_style":"use_overlay","overlay_color":"","overlay_opacity":"0.5","rotation_degree":"180"}}},"block_order":["1620910628bb1c5715-0"],"settings":{"full":true,"spacing_both_ends":true,"padding":"0,0","margin":"30,0","show_background_image":false,"background_style":"default","enable_overlay":false,"background_color":"","overlay_transparency":"0.5","section_heading":"","section_sub_heading":"","section_description":"","section_button_text":"","section_heading_color":"","section_sub_heading_color":"","section_description_color":"","section_button_bg_color":"","section_button_text_color":"","section_button_hover_bg_color":"","section_button_hover_text_color":"","heading_position":"text-center","block_banner_style":"list","column_gap":"30","grid":"2","border_radius":"0","enable_box_shadow":false,"equal_height":false,"content_width":"50\/50","lap_content_width":"40\/60","overlay_style_height":600,"overlay_style_height_laptop":500,"overlay_style_height_mobile":400,"custom_class_name":""}},"1620910796c33d6aec":{"type":"home-brand-logos","blocks":{"1620910796c33d6aec-0":{"type":"Image","settings":{"image":"shopify:\/\/shop_images\/5.png","title":"Brand Name"}},"1620910796c33d6aec-1":{"type":"Image","settings":{"image":"shopify:\/\/shop_images\/4.png","title":"Brand Name"}},"1620910796c33d6aec-2":{"type":"Image","settings":{"image":"shopify:\/\/shop_images\/3.png","title":"Brand Name"}},"19a25776-e7cd-480a-b468-a340074af832":{"type":"Image","settings":{"image":"shopify:\/\/shop_images\/2.png","title":"Brand Name"}},"3ba38832-8d49-4723-8907-0c02631c3afb":{"type":"Image","settings":{"image":"shopify:\/\/shop_images\/1.png","title":"Brand Name"}}},"block_order":["1620910796c33d6aec-0","1620910796c33d6aec-1","1620910796c33d6aec-2","19a25776-e7cd-480a-b468-a340074af832","3ba38832-8d49-4723-8907-0c02631c3afb"],"settings":{"full":false,"spacing_both_ends":false,"padding":"0,0","margin":"100,60","show_background_image":false,"background_style":"default","enable_overlay":false,"background_color":"","overlay_transparency":"0.5","section_heading":"Partners","section_sub_heading":"Our Prestigious","section_description":"","section_button_text":"","section_heading_color":"","section_sub_heading_color":"","section_description_color":"","section_button_bg_color":"","section_button_text_color":"","section_button_hover_bg_color":"","section_button_hover_text_color":"","heading_position":"text-center","grid":"5","block_style":"style-1","enable_box_shadow":false,"column_gap":"30","border_radius":"0","block_border_color":"","block_background_color":"","enable_slider":false,"enable_auto_height":true,"items_per_view":4,"slider_autoplay":0,"dots":true,"carousel_pagination_alignment":"center_pagination","arrows":true,"nav_arrow_position":"navigation-bottom-center","center_nav_arrow_alignment":"outside_container","navigation_button_color":"","navigation_button_icon_color":"","navigation_button_hover_color":"","navigation_button_hover_icon_color":"","navigation_dot_color":"","navigation_dot_active_color":"","custom_class_name":""}},"1620911805254b893f":{"type":"home-video-banner","settings":{"full":true,"spacing_both_ends":true,"padding":"0,0","margin":"0,0","show_background_image":false,"background_style":"default","enable_overlay":false,"background_color":"","overlay_transparency":"0.5","section_heading":"","section_sub_heading":"","section_description":"","section_button_text":"","section_heading_color":"","section_sub_heading_color":"","section_description_color":"","section_button_bg_color":"","section_button_text_color":"","section_button_hover_bg_color":"","section_button_hover_text_color":"","heading_position":"text-center","block_title":"","block_sub_title":"","block_description":"","block_button_text":"","content_position":"center","block_text_align":"text-center","block_image":"shopify:\/\/shop_images\/Video-banner.jpg","show_image":true,"video_format":"modal","video_url":"https:\/\/storage.googleapis.com\/coverr-main\/mp4\/Palm_Trees.mp4","iframe_url":"https:\/\/www.youtube.com\/embed\/JJMPKgyCoSY","video_height":"900","overlay_style":"with-overlay","enable_box_shadow":false,"border_radius":"0","banner_heading_color":"","banner_sub_heading_color":"","banner_description_color":"","banner_button_bg_color":"","banner_button_text_color":"","banner_button_hover_bg_color":"","banner_button_hover_text_color":"","video_overlay_color":"","video_overlay_transparency":"0","icon_bg_color":"#ffffff","icon_color":"#ffffff","icon_bg_color_hover":"#ea3266","icon_color_hover":"#ea3266","custom_class_name":""}},"16209130628a1c41e0":{"type":"home-testimonial","blocks":{"16209130628a1c41e0-0":{"type":"content","settings":{"quote":"<p>Pellentesque gravida scelerisque pretium. Quisque ut lacus quis neque lacinia lacinia eget augue mauris at magna.<\/p>","icon":"shopify:\/\/shop_images\/team-4.jpg","author":"Ellen Fletcher","job":"Art Director","star":"4"}},"a156b007-3e8e-40ee-86fb-074ecc437bf5":{"type":"content","settings":{"quote":"<p>Maecenas a ipsum volutpat, pharetra massa non, facilisis dolor. Fusce sodales nibh maximus lacinia iaculis.<\/p>","icon":"shopify:\/\/shop_images\/testi-2.jpg","author":"Brooke Herrera","job":"College Professor","star":"5"}},"5c5ade81-af4b-4b85-b5f5-23b940995fe6":{"type":"content","settings":{"quote":"<p>Donec sem neque, tempor sed mi eu, congue tincidunt dolor. Proin in scelerisque arcu, vel aliquet mauris.<\/p>","icon":"shopify:\/\/shop_images\/testi-1.jpg","author":"Fredrick Maldonado","job":"HR Specialist","star":"3.5"}},"859858be-3e1d-42be-a6bc-fbbe2d75e021":{"type":"content","settings":{"quote":"<p>Vestibulum ante ipsum primis in faucibus orci luctus et ultrices posuere cubilia curae; Nulla pharetra elit erat.<\/p>","icon":"shopify:\/\/shop_images\/team-2.jpg","author":"Bill Burgess","job":"Systems Analyst","star":"3.5"}}},"block_order":["16209130628a1c41e0-0","a156b007-3e8e-40ee-86fb-074ecc437bf5","5c5ade81-af4b-4b85-b5f5-23b940995fe6","859858be-3e1d-42be-a6bc-fbbe2d75e021"],"settings":{"full":false,"spacing_both_ends":false,"padding":"0,0","margin":"100,0","show_background_image":false,"background_style":"default","enable_overlay":false,"background_color":"","overlay_transparency":"0.5","section_heading":"What Clients Says","section_sub_heading":"Testimonial","section_description":"","section_button_text":"","section_heading_color":"","section_sub_heading_color":"","section_description_color":"","section_button_bg_color":"","section_button_text_color":"","section_button_hover_bg_color":"","section_button_hover_text_color":"","heading_position":"text-center","grid":"3","block_style":"style_2","boxed_styles":"default","enable_box_shadow":false,"reverse_column":false,"text_position":"text-center","quote_icon":"shopify:\/\/shop_images\/quote-icn.png","quote_style":"quote-icon-in-content","author_info_style":"style_2","border_radius":"50%","boxed_border_radius":"0","column_gap":"30","content_width":"30\/70","lap_content_width":"20\/80","vertical_position":"vertical-top","testimonial_border_color":"","testimonial_background_color":"","testimonial_content_color":"","testimonial_review_color":"#ffc50d","testimonial_author_text_color":"","testimonial_author_text_active_color":"","testimonial_author_designation_color":"","testimonial_author_separator_color":"","testimonial_quote_icon_color":"","testimonial_quote_icon_active_color":"","enable_slider":true,"enable_auto_height":true,"items_per_view":3,"slider_autoplay":0,"dots":true,"carousel_pagination_alignment":"center_pagination","carousel_pagination_bottom_alignment":"outside_element","arrows":false,"nav_arrow_position":"center-navigation","center_nav_arrow_alignment":"outside_container","navigation_button_color":"","navigation_button_icon_color":"","navigation_button_hover_color":"","navigation_button_hover_icon_color":"","navigation_dot_color":"","navigation_dot_active_color":"","custom_class_name":""}}},"content_for_index":["1620907710eae21129","1620908959e277dca1","1620909223daf49874","162091051914329d05","1620910628bb1c5715","1620910796c33d6aec","1620911805254b893f","16209130628a1c41e0"]}}