{
    "version": "0.4",
    "title": "About Section",
    "type": "section",
    "metadata": {
        "template_type": "section-about",
        "include_in_zip": "1",
        "elementor_pro_required": null,
        "wp_page_template": "elementor_canvas"
    },
    "content": [
        {
            "id": "32e1301b",
            "settings": {
                "structure": "20",
                "margin": {
                    "unit": "px",
                    "top": "110",
                    "right": 0,
                    "bottom": "0",
                    "left": 0,
                    "isLinked": false
                },
                "margin_mobile": {
                    "unit": "px",
                    "top": "80",
                    "right": 0,
                    "bottom": "0",
                    "left": 0,
                    "isLinked": false
                },
                "padding_tablet": {
                    "unit": "px",
                    "top": "0",
                    "right": "30",
                    "bottom": "0",
                    "left": "30",
                    "isLinked": false
                }
            },
            "elements": [
                {
                    "id": "7433fa36",
                    "settings": {
                        "_column_size": 50,
                        "_inline_size": null
                    },
                    "elements": [
                        {
                            "id": "4ba6727f",
                            "settings": {
                                "image": {
                                    "url": "https:\/\/kinforce.net\/cripto\/wp-content\/uploads\/2021\/08\/freepik-isometric-glowing-business-analytics-icons-set_3.png",
                                    "id": 482,
                                    "alt": "",
                                    "source": "library"
                                },
                                "image_size": "full",
                                "align": "left",
                                "_margin_tablet": {
                                    "unit": "px",
                                    "top": "0",
                                    "right": "30",
                                    "bottom": "0",
                                    "left": "0",
                                    "isLinked": false
                                },
                                "_margin_mobile": {
                                    "unit": "px",
                                    "top": "0",
                                    "right": "0",
                                    "bottom": "0",
                                    "left": "0",
                                    "isLinked": false
                                },
                                "ha_advanced_tooltip_content": "I am a tooltip",
                                "_animation": "fadeInLeft"
                            },
                            "elements": [],
                            "isInner": false,
                            "widgetType": "image",
                            "elType": "widget"
                        }
                    ],
                    "isInner": false,
                    "elType": "column"
                },
                {
                    "id": "503184df",
                    "settings": {
                        "_column_size": 50,
                        "_inline_size": null,
                        "content_position": "center",
                        "margin_mobile": {
                            "unit": "px",
                            "top": "20",
                            "right": "0",
                            "bottom": "0",
                            "left": "0",
                            "isLinked": false
                        }
                    },
                    "elements": [
                        {
                            "id": "7818139c",
                            "settings": {
                                "title": "Deposit Crypto, Earn \nInterest",
                                "ha_advanced_tooltip_content": "I am a tooltip",
                                "_animation": "fadeInDown"
                            },
                            "elements": [],
                            "isInner": false,
                            "widgetType": "heading",
                            "elType": "widget"
                        },
                        {
                            "id": "58983d1b",
                            "settings": {
                                "title": "Choose from 30+ cryptocurrencies ",
                                "header_size": "h5",
                                "ha_advanced_tooltip_content": "I am a tooltip",
                                "_animation": "fadeInUp",
                                "_animation_delay": 100,
                                "__globals__": {
                                    "title_color": "globals\/colors?id=92bfebb"
                                }
                            },
                            "elements": [],
                            "isInner": false,
                            "widgetType": "heading",
                            "elType": "widget"
                        },
                        {
                            "id": "37bf38c4",
                            "settings": {
                                "editor": "<p>Cras aliquet ut ex ut sagittis. Nullam a orci massa. Etiam posuere et elit <br \/>scelerisque sagittis. Suspendisse ut dolor mattis, vehicula urna volutpat, fermentum risus. Praesent vulputate ante id metus condimentum.<\/p>",
                                "_margin": {
                                    "unit": "px",
                                    "top": "10",
                                    "right": "0",
                                    "bottom": "0",
                                    "left": "0",
                                    "isLinked": false
                                },
                                "ha_advanced_tooltip_content": "I am a tooltip",
                                "_animation": "fadeInUp",
                                "_animation_delay": 200
                            },
                            "elements": [],
                            "isInner": false,
                            "widgetType": "text-editor",
                            "elType": "widget"
                        },
                        {
                            "id": "42d4b0f3",
                            "settings": {
                                "structure": "20",
                                "animation": "fadeInUp",
                                "animation_delay": 300
                            },
                            "elements": [
                                {
                                    "id": "1108788f",
                                    "settings": {
                                        "_column_size": 50,
                                        "_inline_size": null,
                                        "padding": {
                                            "unit": "px",
                                            "top": "0",
                                            "right": "30",
                                            "bottom": "0",
                                            "left": "0",
                                            "isLinked": false
                                        },
                                        "animation_delay": 300
                                    },
                                    "elements": [
                                        {
                                            "id": "48412174",
                                            "settings": {
                                                "title": "Up to",
                                                "header_size": "h5",
                                                "ha_advanced_tooltip_content": "I am a tooltip"
                                            },
                                            "elements": [],
                                            "isInner": false,
                                            "widgetType": "heading",
                                            "elType": "widget"
                                        },
                                        {
                                            "id": "56325dc3",
                                            "settings": {
                                                "title": "8.5%",
                                                "header_size": "h1",
                                                "_margin": {
                                                    "unit": "px",
                                                    "top": "-10",
                                                    "right": "0",
                                                    "bottom": "-20",
                                                    "left": "0",
                                                    "isLinked": false
                                                },
                                                "ha_advanced_tooltip_content": "I am a tooltip",
                                                "__globals__": {
                                                    "title_color": "globals\/colors?id=secondary"
                                                }
                                            },
                                            "elements": [],
                                            "isInner": false,
                                            "widgetType": "heading",
                                            "elType": "widget"
                                        },
                                        {
                                            "id": "31fd6284",
                                            "settings": {
                                                "title": "p.a. on cryptos",
                                                "header_size": "h5",
                                                "ha_advanced_tooltip_content": "I am a tooltip"
                                            },
                                            "elements": [],
                                            "isInner": false,
                                            "widgetType": "heading",
                                            "elType": "widget"
                                        }
                                    ],
                                    "isInner": true,
                                    "elType": "column"
                                },
                                {
                                    "id": "16aca142",
                                    "settings": {
                                        "_column_size": 50,
                                        "_inline_size": null,
                                        "padding": {
                                            "unit": "px",
                                            "top": "0",
                                            "right": "0",
                                            "bottom": "0",
                                            "left": "0",
                                            "isLinked": false
                                        },
                                        "padding_mobile": {
                                            "unit": "px",
                                            "top": "30",
                                            "right": "0",
                                            "bottom": "0",
                                            "left": "0",
                                            "isLinked": false
                                        },
                                        "animation_delay": 300
                                    },
                                    "elements": [
                                        {
                                            "id": "9d6b81b",
                                            "settings": {
                                                "title": "Up to",
                                                "header_size": "h5",
                                                "ha_advanced_tooltip_content": "I am a tooltip"
                                            },
                                            "elements": [],
                                            "isInner": false,
                                            "widgetType": "heading",
                                            "elType": "widget"
                                        },
                                        {
                                            "id": "58a3a024",
                                            "settings": {
                                                "title": "14%",
                                                "header_size": "h1",
                                                "_margin": {
                                                    "unit": "px",
                                                    "top": "-10",
                                                    "right": "0",
                                                    "bottom": "-20",
                                                    "left": "0",
                                                    "isLinked": false
                                                },
                                                "ha_advanced_tooltip_content": "I am a tooltip",
                                                "__globals__": {
                                                    "title_color": "globals\/colors?id=secondary"
                                                }
                                            },
                                            "elements": [],
                                            "isInner": false,
                                            "widgetType": "heading",
                                            "elType": "widget"
                                        },
                                        {
                                            "id": "c3f6250",
                                            "settings": {
                                                "title": "p.a. on stablecoins",
                                                "header_size": "h5",
                                                "ha_advanced_tooltip_content": "I am a tooltip"
                                            },
                                            "elements": [],
                                            "isInner": false,
                                            "widgetType": "heading",
                                            "elType": "widget"
                                        }
                                    ],
                                    "isInner": true,
                                    "elType": "column"
                                }
                            ],
                            "isInner": true,
                            "elType": "section"
                        }
                    ],
                    "isInner": false,
                    "elType": "column"
                }
            ],
            "isInner": false,
            "elType": "section"
        }
    ],
    "page_settings": {
        "ha_grid_zindex": "1000",
        "template": "elementor_canvas"
    }
}