{
    "version": "0.4",
    "title": "Blog",
    "type": "page",
    "metadata": {
        "template_type": "single-page",
        "include_in_zip": "1",
        "elementor_pro_required": null,
        "wp_page_template": "elementor_canvas"
    },
    "content": [
        {
            "id": "5a0cb156",
            "settings": {
                "background_background": "gradient",
                "background_color": "#37065D",
                "background_color_b": "#9E07A4",
                "background_gradient_angle": {
                    "unit": "deg",
                    "size": 60,
                    "sizes": []
                },
                "background_image": {
                    "url": "https:\/\/kinforce.net\/cripto\/wp-content\/uploads\/2021\/08\/cryptocurrency-exchange-market_2.jpg",
                    "id": 595,
                    "alt": "",
                    "source": "library"
                },
                "background_overlay_background": "classic",
                "background_overlay_image": {
                    "url": "https:\/\/kinforce.net\/cripto\/wp-content\/uploads\/2021\/08\/cryptocurrency-exchange-market_2.jpg",
                    "id": 595,
                    "alt": "",
                    "source": "library"
                },
                "background_overlay_opacity": {
                    "unit": "px",
                    "size": 0.6999999999999999555910790149937383830547332763671875,
                    "sizes": []
                },
                "margin": {
                    "unit": "px",
                    "top": "-110",
                    "right": 0,
                    "bottom": "0",
                    "left": 0,
                    "isLinked": false
                },
                "padding": {
                    "unit": "px",
                    "top": "195",
                    "right": "0",
                    "bottom": "85",
                    "left": "0",
                    "isLinked": false
                },
                "animation": "fadeIn",
                "background_overlay_position": "center center",
                "background_overlay_repeat": "no-repeat",
                "background_overlay_size": "cover"
            },
            "elements": [
                {
                    "id": "212eac4",
                    "settings": {
                        "_column_size": 100,
                        "_inline_size": null
                    },
                    "elements": [
                        {
                            "id": "f6978da",
                            "settings": {
                                "title": "Blog",
                                "header_size": "h1",
                                "align": "center",
                                "ha_advanced_tooltip_content": "I am a tooltip",
                                "_animation": "fadeInDown"
                            },
                            "elements": [],
                            "isInner": false,
                            "widgetType": "heading",
                            "elType": "widget"
                        }
                    ],
                    "isInner": false,
                    "elType": "column"
                }
            ],
            "isInner": false,
            "elType": "section"
        },
        {
            "id": "16508a7e",
            "settings": {
                "margin": {
                    "unit": "px",
                    "top": "110",
                    "right": 0,
                    "bottom": "0",
                    "left": 0,
                    "isLinked": false
                },
                "animation": "fadeInUp"
            },
            "elements": [
                {
                    "id": "3e8d32a5",
                    "settings": {
                        "_column_size": 100,
                        "_inline_size": null
                    },
                    "elements": [
                        {
                            "id": "7512aa26",
                            "settings": {
                                "ekit_blog_posts_layout_style": "elementskit-post-image-card",
                                "ekit_blog_posts_feature_img_size_size": "full",
                                "ekit_blog_posts_num": 6,
                                "ekit_blog_posts_cats": [
                                    "5",
                                    "4",
                                    "6",
                                    "8"
                                ],
                                "ekit_blog_posts_floating_date": "",
                                "ekit_blog_posts_floating_category": "",
                                "ekit_blog_posts_meta_select": [
                                    "date",
                                    "category"
                                ],
                                "ekit_blog_posts_meta_author_icons": {
                                    "value": "hm hm-user-female",
                                    "library": "happy-icons"
                                },
                                "ekit_blog_posts_meta_date_icons": {
                                    "value": "icon icon-calendar1",
                                    "library": "ekiticons"
                                },
                                "ekit_blog_posts_meta_category_icons": {
                                    "value": "hm hm-layer",
                                    "library": "happy-icons"
                                },
                                "ekit_blog_posts_btn_text": "Read more ",
                                "ekit_blog_posts_btn_icons": {
                                    "value": "icon icon-arrow-right",
                                    "library": "ekiticons"
                                },
                                "ekit_blog_posts_btn_icon_align": "right",
                                "ekit_blog_posts_background_background": "classic",
                                "ekit_blog_posts_background_color": "#2B0C47",
                                "ekit_blog_posts_shadow_box_shadow_type": "yes",
                                "ekit_blog_posts_shadow_box_shadow": {
                                    "horizontal": 0,
                                    "vertical": 0,
                                    "blur": 0,
                                    "spread": 0,
                                    "color": "rgba(0,0,0,0.5)"
                                },
                                "ekit_blog_posts_radius": {
                                    "unit": "px",
                                    "top": "30",
                                    "right": "30",
                                    "bottom": "30",
                                    "left": "30",
                                    "isLinked": true
                                },
                                "ekit_blog_posts_margin": {
                                    "unit": "px",
                                    "top": "0",
                                    "right": "0",
                                    "bottom": "30",
                                    "left": "0",
                                    "isLinked": false
                                },
                                "ekit_blog_posts_feature_img_radius": {
                                    "unit": "px",
                                    "top": "30",
                                    "right": "30",
                                    "bottom": "0",
                                    "left": "0",
                                    "isLinked": false
                                },
                                "ekit_blog_posts_feature_img_padding": {
                                    "unit": "px",
                                    "top": "0",
                                    "right": "0",
                                    "bottom": "0",
                                    "left": "0",
                                    "isLinked": false
                                },
                                "ekit_blog_posts_meta_typography_typography": "custom",
                                "ekit_blog_posts_meta_typography_font_family": "Rubik",
                                "ekit_blog_posts_meta_typography_font_size": {
                                    "unit": "px",
                                    "size": 14,
                                    "sizes": []
                                },
                                "ekit_blog_posts_meta_item_margin": {
                                    "unit": "px",
                                    "top": "0",
                                    "right": "15",
                                    "bottom": "0",
                                    "left": "0",
                                    "isLinked": false
                                },
                                "ekit_blog_posts_meta_color_normal": "#EC5046",
                                "ekit_blog_posts_title_margin": {
                                    "unit": "px",
                                    "top": "0",
                                    "right": "0",
                                    "bottom": "18",
                                    "left": "0",
                                    "isLinked": false
                                },
                                "ekit_blog_posts_btn_text_padding": {
                                    "unit": "px",
                                    "top": "0",
                                    "right": "0",
                                    "bottom": "0",
                                    "left": "0",
                                    "isLinked": false
                                },
                                "ekit_blog_posts_btn_text_color": "#E702BF",
                                "ekit_blog_posts_btn_bg_color_background": "classic",
                                "ekit_blog_posts_btn_bg_color_color": "#EC504600",
                                "ekit_blog_posts_btn_bg_color_color_b": "#E702BF",
                                "ekit_blog_posts_btn_bg_color_gradient_angle": {
                                    "unit": "deg",
                                    "size": 90,
                                    "sizes": []
                                },
                                "ekit_blog_posts_btn_bg_hover_color_background": "classic",
                                "ekit_blog_posts_btn_bg_hover_color_color": "#E702BF00",
                                "ekit_blog_posts_btn_bg_hover_color_color_b": "#EC5046",
                                "ekit_blog_posts_btn_bg_hover_color_gradient_angle": {
                                    "unit": "deg",
                                    "size": 90,
                                    "sizes": []
                                },
                                "ekit_blog_posts_btn_border_radius": {
                                    "unit": "px",
                                    "top": "30",
                                    "right": "30",
                                    "bottom": "30",
                                    "left": "30",
                                    "isLinked": true
                                },
                                "ha_advanced_tooltip_content": "I am a tooltip",
                                "__globals__": {
                                    "ekit_blog_posts_meta_typography_typography": "globals\/typography?id=9758d28",
                                    "ekit_blog_posts_meta_color_normal": "globals\/colors?id=secondary",
                                    "ekit_blog_posts_background_color": "globals\/colors?id=fba7e5c",
                                    "ekit_blog_posts_btn_bg_color_color": "",
                                    "ekit_blog_posts_btn_bg_color_color_b": "globals\/colors?id=103493d",
                                    "ekit_blog_posts_btn_bg_hover_color_color": "",
                                    "ekit_blog_posts_btn_bg_hover_color_color_b": "globals\/colors?id=secondary",
                                    "ekit_blog_posts_btn_text_color": "globals\/colors?id=103493d",
                                    "ekit_blog_posts_btn_hover_color": "globals\/colors?id=secondary"
                                },
                                "ekit_blog_posts_content": ""
                            },
                            "elements": [],
                            "isInner": false,
                            "widgetType": "elementskit-blog-posts",
                            "elType": "widget"
                        }
                    ],
                    "isInner": false,
                    "elType": "column"
                }
            ],
            "isInner": false,
            "elType": "section"
        }
    ],
    "page_settings": {
        "ha_grid_zindex": "1000",
        "template": "elementor_canvas"
    }
}