{
    "version": "0.4",
    "title": "Clients Section",
    "type": "section",
    "metadata": {
        "template_type": "section-clients",
        "include_in_zip": "1",
        "elementor_pro_required": null,
        "wp_page_template": "elementor_canvas"
    },
    "content": [
        {
            "id": "44b02f10",
            "settings": {
                "background_image": {
                    "url": "",
                    "id": "",
                    "alt": "",
                    "source": "library"
                },
                "background_overlay_background": "classic",
                "background_overlay_image": {
                    "url": "https:\/\/kinforce.net\/cripto\/wp-content\/uploads\/2021\/08\/investment-stockbroker-stock-trading-TR5GP7U.jpg",
                    "id": 168,
                    "alt": "",
                    "source": "library"
                },
                "background_overlay_position": "center center",
                "background_overlay_attachment": "fixed",
                "background_overlay_repeat": "no-repeat",
                "background_overlay_opacity": {
                    "unit": "px",
                    "size": 0.05000000000000000277555756156289135105907917022705078125,
                    "sizes": []
                },
                "margin": {
                    "unit": "px",
                    "top": "110",
                    "right": 0,
                    "bottom": "0",
                    "left": 0,
                    "isLinked": false
                },
                "padding": {
                    "unit": "px",
                    "top": "90",
                    "right": "0",
                    "bottom": "110",
                    "left": "0",
                    "isLinked": false
                },
                "padding_tablet": {
                    "unit": "px",
                    "top": "70",
                    "right": "30",
                    "bottom": "90",
                    "left": "30",
                    "isLinked": false
                }
            },
            "elements": [
                {
                    "id": "d96172f",
                    "settings": {
                        "_column_size": 100,
                        "_inline_size": null
                    },
                    "elements": [
                        {
                            "id": "35389794",
                            "settings": [],
                            "elements": [
                                {
                                    "id": "a1be96",
                                    "settings": {
                                        "_column_size": 100,
                                        "_inline_size": null
                                    },
                                    "elements": [
                                        {
                                            "id": "1bb29084",
                                            "settings": {
                                                "title": "Our Global Level Partners",
                                                "align": "center",
                                                "ha_advanced_tooltip_content": "I am a tooltip",
                                                "_animation": "fadeInDown"
                                            },
                                            "elements": [],
                                            "isInner": false,
                                            "widgetType": "heading",
                                            "elType": "widget"
                                        }
                                    ],
                                    "isInner": true,
                                    "elType": "column"
                                }
                            ],
                            "isInner": true,
                            "elType": "section"
                        },
                        {
                            "id": "750c7092",
                            "settings": {
                                "logo_list": [
                                    {
                                        "image": {
                                            "url": "https:\/\/kinforce.net\/cripto\/wp-content\/uploads\/2021\/08\/elements-30-premade-logos-feminine-edition-TBYVF5_1.png",
                                            "id": 617,
                                            "alt": "",
                                            "source": "library"
                                        },
                                        "link": {
                                            "url": "#",
                                            "is_external": true,
                                            "nofollow": true
                                        },
                                        "_id": "860f178",
                                        "name": ""
                                    },
                                    {
                                        "image": {
                                            "url": "https:\/\/kinforce.net\/cripto\/wp-content\/uploads\/2021\/08\/elements-30-premade-logos-feminine-edition-TBYVF5_2.png",
                                            "id": 618,
                                            "alt": "",
                                            "source": "library"
                                        },
                                        "link": {
                                            "url": "#",
                                            "is_external": true,
                                            "nofollow": true
                                        },
                                        "_id": "262972f",
                                        "name": ""
                                    },
                                    {
                                        "image": {
                                            "url": "https:\/\/kinforce.net\/cripto\/wp-content\/uploads\/2021\/08\/elements-30-premade-logos-feminine-edition-TBYVF5_3.png",
                                            "id": 619,
                                            "alt": "",
                                            "source": "library"
                                        },
                                        "link": {
                                            "url": "#",
                                            "is_external": true,
                                            "nofollow": true
                                        },
                                        "_id": "e055a8c",
                                        "name": ""
                                    },
                                    {
                                        "image": {
                                            "url": "https:\/\/kinforce.net\/cripto\/wp-content\/uploads\/2021\/08\/elements-30-premade-logos-feminine-edition-TBYVF5_4.png",
                                            "id": 620,
                                            "alt": "",
                                            "source": "library"
                                        },
                                        "link": {
                                            "url": "#",
                                            "is_external": true,
                                            "nofollow": true
                                        },
                                        "_id": "411ea35",
                                        "name": ""
                                    },
                                    {
                                        "image": {
                                            "url": "https:\/\/kinforce.net\/cripto\/wp-content\/uploads\/2021\/08\/elements-30-premade-logos-feminine-edition-TBYVF5_5.png",
                                            "id": 621,
                                            "alt": "",
                                            "source": "library"
                                        },
                                        "link": {
                                            "url": "#",
                                            "is_external": true,
                                            "nofollow": true
                                        },
                                        "_id": "fa0bccd",
                                        "name": ""
                                    },
                                    {
                                        "image": {
                                            "url": "https:\/\/kinforce.net\/cripto\/wp-content\/uploads\/2021\/08\/elements-elegant-company-logo-VVLG4M3_1.png",
                                            "id": 622,
                                            "alt": "",
                                            "source": "library"
                                        },
                                        "link": {
                                            "url": "#",
                                            "is_external": true,
                                            "nofollow": true
                                        },
                                        "_id": "eb9ccc3",
                                        "name": ""
                                    },
                                    {
                                        "image": {
                                            "url": "https:\/\/kinforce.net\/cripto\/wp-content\/uploads\/2021\/08\/elements-elegant-company-logo-VVLG4M3_2.png",
                                            "id": 623,
                                            "alt": "",
                                            "source": "library"
                                        },
                                        "link": {
                                            "url": "#",
                                            "is_external": true,
                                            "nofollow": true
                                        },
                                        "_id": "81e54c7",
                                        "name": ""
                                    },
                                    {
                                        "image": {
                                            "url": "https:\/\/kinforce.net\/cripto\/wp-content\/uploads\/2021\/08\/elements-elegant-company-logo-VVLG4M3_3.png",
                                            "id": 624,
                                            "alt": "",
                                            "source": "library"
                                        },
                                        "link": {
                                            "url": "#",
                                            "is_external": true,
                                            "nofollow": true
                                        },
                                        "_id": "82fbae4",
                                        "name": ""
                                    },
                                    {
                                        "image": {
                                            "url": "https:\/\/kinforce.net\/cripto\/wp-content\/uploads\/2021\/08\/elements-elegant-company-logo-VVLG4M3_4.png",
                                            "id": 625,
                                            "alt": "",
                                            "source": "library"
                                        },
                                        "link": {
                                            "url": "#",
                                            "is_external": true,
                                            "nofollow": true
                                        },
                                        "name": "",
                                        "_id": "5d7ad32"
                                    },
                                    {
                                        "image": {
                                            "url": "https:\/\/kinforce.net\/cripto\/wp-content\/uploads\/2021\/08\/elements-elegant-company-logo-VVLG4M3_5.png",
                                            "id": 626,
                                            "alt": "",
                                            "source": "library"
                                        },
                                        "link": {
                                            "url": "#",
                                            "is_external": true,
                                            "nofollow": true
                                        },
                                        "name": "",
                                        "_id": "0e06944"
                                    }
                                ],
                                "layout": "tictactoe",
                                "columns": "5",
                                "height": {
                                    "unit": "px",
                                    "size": 130,
                                    "sizes": []
                                },
                                "height_mobile": {
                                    "unit": "px",
                                    "size": 100,
                                    "sizes": []
                                },
                                "grid_border_width": {
                                    "unit": "px",
                                    "size": 1,
                                    "sizes": []
                                },
                                "grid_border_color": "#FFFFFF1A",
                                "image_opacity": {
                                    "unit": "px",
                                    "size": 0.40000000000000002220446049250313080847263336181640625,
                                    "sizes": []
                                },
                                "image_opacity_hover": {
                                    "unit": "px",
                                    "size": 1,
                                    "sizes": []
                                },
                                "hover_animation": "grow",
                                "_margin": {
                                    "unit": "px",
                                    "top": "25",
                                    "right": "0",
                                    "bottom": "0",
                                    "left": "0",
                                    "isLinked": false
                                },
                                "ha_advanced_tooltip_content": "I am a tooltip",
                                "_animation": "fadeInUp",
                                "__globals__": {
                                    "grid_border_color": ""
                                }
                            },
                            "elements": [],
                            "isInner": false,
                            "widgetType": "ha-logo-grid",
                            "elType": "widget"
                        }
                    ],
                    "isInner": false,
                    "elType": "column"
                }
            ],
            "isInner": false,
            "elType": "section"
        }
    ],
    "page_settings": {
        "ha_grid_zindex": "1000",
        "template": "elementor_canvas"
    }
}