{
    "version": "0.4",
    "title": "Contact",
    "type": "page",
    "metadata": {
        "template_type": "single-page",
        "include_in_zip": "1",
        "elementor_pro_required": null,
        "wp_page_template": "elementor_canvas"
    },
    "content": [
        {
            "id": "23a7a230",
            "settings": {
                "background_background": "gradient",
                "background_color": "#37065D",
                "background_color_b": "#9E07A4",
                "background_gradient_angle": {
                    "unit": "deg",
                    "size": 60,
                    "sizes": []
                },
                "background_image": {
                    "url": "https:\/\/kinforce.net\/cripto\/wp-content\/uploads\/2021\/08\/cryptocurrency-exchange-market_2.jpg",
                    "id": 595,
                    "alt": "",
                    "source": "library"
                },
                "background_overlay_background": "classic",
                "background_overlay_image": {
                    "url": "https:\/\/kinforce.net\/cripto\/wp-content\/uploads\/2021\/08\/cryptocurrency-exchange-market_2.jpg",
                    "id": 595,
                    "alt": "",
                    "source": "library"
                },
                "background_overlay_opacity": {
                    "unit": "px",
                    "size": 0.6999999999999999555910790149937383830547332763671875,
                    "sizes": []
                },
                "margin": {
                    "unit": "px",
                    "top": "-110",
                    "right": 0,
                    "bottom": "0",
                    "left": 0,
                    "isLinked": false
                },
                "padding": {
                    "unit": "px",
                    "top": "195",
                    "right": "0",
                    "bottom": "85",
                    "left": "0",
                    "isLinked": false
                },
                "animation": "fadeIn",
                "background_overlay_position": "center center",
                "background_overlay_repeat": "no-repeat",
                "background_overlay_size": "cover"
            },
            "elements": [
                {
                    "id": "30933338",
                    "settings": {
                        "_column_size": 100,
                        "_inline_size": null
                    },
                    "elements": [
                        {
                            "id": "3ab4bbe9",
                            "settings": {
                                "title": "Contact",
                                "header_size": "h1",
                                "align": "center",
                                "ha_advanced_tooltip_content": "I am a tooltip",
                                "_animation": "fadeInDown"
                            },
                            "elements": [],
                            "isInner": false,
                            "widgetType": "heading",
                            "elType": "widget"
                        }
                    ],
                    "isInner": false,
                    "elType": "column"
                }
            ],
            "isInner": false,
            "elType": "section"
        },
        {
            "id": "44c1ef4c",
            "settings": {
                "margin": {
                    "unit": "px",
                    "top": "110",
                    "right": 0,
                    "bottom": "0",
                    "left": 0,
                    "isLinked": false
                },
                "padding_tablet": {
                    "unit": "px",
                    "top": "0",
                    "right": "30",
                    "bottom": "0",
                    "left": "30",
                    "isLinked": false
                },
                "animation": "fadeInUp"
            },
            "elements": [
                {
                    "id": "222154a8",
                    "settings": {
                        "_column_size": 100,
                        "_inline_size": null
                    },
                    "elements": [
                        {
                            "id": "3a1c622b",
                            "settings": {
                                "address": "75\/23 Folsom Ave, Suite 600 San Francisco, CA 94107",
                                "height": {
                                    "unit": "px",
                                    "size": 600,
                                    "sizes": []
                                },
                                "css_filters_css_filter": "custom",
                                "css_filters_contrast": {
                                    "unit": "px",
                                    "size": 80,
                                    "sizes": []
                                },
                                "css_filters_saturate": {
                                    "unit": "px",
                                    "size": 90,
                                    "sizes": []
                                },
                                "css_filters_hue": {
                                    "unit": "px",
                                    "size": 50,
                                    "sizes": []
                                },
                                "ha_advanced_tooltip_content": "I am a tooltip"
                            },
                            "elements": [],
                            "isInner": false,
                            "widgetType": "google_maps",
                            "elType": "widget"
                        }
                    ],
                    "isInner": false,
                    "elType": "column"
                }
            ],
            "isInner": false,
            "elType": "section"
        },
        {
            "id": "4cfb28f2",
            "settings": {
                "content_position": "middle",
                "background_overlay_background": "classic",
                "background_overlay_position": "center center",
                "background_overlay_size": "cover",
                "background_overlay_opacity": {
                    "unit": "px",
                    "size": 0.90000000000000002220446049250313080847263336181640625,
                    "sizes": []
                },
                "margin": {
                    "unit": "px",
                    "top": "110",
                    "right": 0,
                    "bottom": "0",
                    "left": 0,
                    "isLinked": false
                },
                "padding": {
                    "unit": "px",
                    "top": "105",
                    "right": "0",
                    "bottom": "90",
                    "left": "0",
                    "isLinked": false
                },
                "padding_tablet": {
                    "unit": "px",
                    "top": "60",
                    "right": "30",
                    "bottom": "40",
                    "left": "40",
                    "isLinked": false
                },
                "animation": "fadeIn",
                "ekit_has_onepagescroll_dot": "yes",
                "ekit_onepagescroll_tooltip_text": "",
                "background_background": "classic",
                "background_image": {
                    "url": "https:\/\/kinforce.net\/cripto\/wp-content\/uploads\/2021\/08\/picture-of-golden-bitcoin-lying-on-the-display-wit-GRDMHE7.jpg",
                    "id": 260,
                    "alt": "",
                    "source": "library"
                },
                "background_position": "center center",
                "background_attachment": "fixed",
                "background_repeat": "no-repeat",
                "background_size": "cover",
                "__globals__": {
                    "background_overlay_color": "globals\/colors?id=97c0666"
                },
                "margin_mobile": {
                    "unit": "px",
                    "top": "80",
                    "right": 0,
                    "bottom": "0",
                    "left": 0,
                    "isLinked": false
                },
                "structure": "20"
            },
            "elements": [
                {
                    "id": "74d32c20",
                    "settings": {
                        "_column_size": 50,
                        "_inline_size": 40,
                        "margin_tablet": {
                            "unit": "px",
                            "top": "0",
                            "right": "0",
                            "bottom": "0",
                            "left": "0",
                            "isLinked": false
                        },
                        "_inline_size_tablet": 100
                    },
                    "elements": [
                        {
                            "id": "750ee3aa",
                            "settings": {
                                "title": "Contact Us",
                                "align": "left",
                                "ha_advanced_tooltip_content": "I am a tooltip",
                                "header_size": "h3",
                                "_margin": {
                                    "unit": "px",
                                    "top": "18",
                                    "right": "0",
                                    "bottom": "0",
                                    "left": "0",
                                    "isLinked": false
                                },
                                "_animation": "fadeInDown"
                            },
                            "elements": [],
                            "isInner": false,
                            "widgetType": "heading",
                            "elType": "widget"
                        },
                        {
                            "id": "31f0a5b8",
                            "settings": {
                                "ekit_icon_box_header_image": {
                                    "url": "https:\/\/kinforce.net\/hostyng\/wp-content\/uploads\/2021\/04\/elements-150-line-icons-XNYRKN-17.png",
                                    "id": 1164
                                },
                                "ekit_icon_box_title_text": "Office Address",
                                "ekit_icon_box_description_text": "75\/23 Folsom Ave, Suite 600 <br>\nSan Francisco, CA 94107 ",
                                "ekit_icon_box_btn_text": "Buy Now",
                                "ekit_icon_box_icon_position": "left",
                                "ekit_icon_box_badge_title": "EXCLUSIVE",
                                "ekit_icon_box_infobox_bg_group_background": "classic",
                                "ekit_icon_box_infobox_bg_group_color": "#02010100",
                                "ekit_icon_box_infobox_bg_padding": {
                                    "unit": "px",
                                    "top": "0",
                                    "right": "0",
                                    "bottom": "0",
                                    "left": "0",
                                    "isLinked": true
                                },
                                "ekit_icon_box_iocnbox_border_group_border": "solid",
                                "ekit_icon_box_iocnbox_border_group_width": {
                                    "unit": "px",
                                    "top": "0",
                                    "right": "0",
                                    "bottom": "0",
                                    "left": "0",
                                    "isLinked": true
                                },
                                "ekit_icon_title_bottom_space": {
                                    "unit": "px",
                                    "top": "7",
                                    "right": "0",
                                    "bottom": "13",
                                    "left": "0",
                                    "isLinked": false,
                                    "size": "20"
                                },
                                "ekit_icon_box_border_width": {
                                    "unit": "px",
                                    "top": "1",
                                    "right": "1",
                                    "bottom": "1",
                                    "left": "1",
                                    "isLinked": true
                                },
                                "ekit_icon_box_border_width_mobile": {
                                    "unit": "px",
                                    "top": "0",
                                    "right": "0",
                                    "bottom": "0",
                                    "left": "0",
                                    "isLinked": true
                                },
                                "ekit_icon_box_icon_border_radius": {
                                    "unit": "%",
                                    "top": "50",
                                    "right": "50",
                                    "bottom": "50",
                                    "left": "50",
                                    "isLinked": true
                                },
                                "ekit_icon_box_icon_space": {
                                    "unit": "px",
                                    "top": "3",
                                    "right": "30",
                                    "bottom": "0",
                                    "left": "0",
                                    "isLinked": false
                                },
                                "ekit_icon_box_icon_space_mobile": {
                                    "unit": "px",
                                    "top": "11",
                                    "right": "20",
                                    "bottom": "0",
                                    "left": "0",
                                    "isLinked": false
                                },
                                "ekit_icon_icon_padding_mobile": {
                                    "unit": "px",
                                    "top": "0",
                                    "right": "0",
                                    "bottom": "0",
                                    "left": "0",
                                    "isLinked": false
                                },
                                "ekit_icon_box_icon_height": {
                                    "unit": "px",
                                    "size": 120,
                                    "sizes": []
                                },
                                "ekit_icon_box_icon_height_mobile": {
                                    "unit": "px",
                                    "size": 60,
                                    "sizes": []
                                },
                                "ekit_icon_box_icon_width": {
                                    "unit": "px",
                                    "size": 120,
                                    "sizes": []
                                },
                                "ekit_icon_box_icon_width_mobile": {
                                    "unit": "px",
                                    "size": 60,
                                    "sizes": []
                                },
                                "_animation": "fadeInLeft",
                                "_animation_delay": 300,
                                "__globals__": {
                                    "ekit_icon_box_border_color": "",
                                    "ekit_icon_title_typography_group_typography": "globals\/typography?id=354f741",
                                    "ekit_icon_title_color": "globals\/colors?id=92bfebb",
                                    "ekit_icon_title_color_hover": "globals\/colors?id=92bfebb",
                                    "ekit_icon_description_color": "globals\/colors?id=primary",
                                    "ekit_icon_description_color_hover": "globals\/colors?id=primary",
                                    "ekit_icon_description_typography_group_typography": "globals\/typography?id=text",
                                    "ekit_icon_box_button_text_color": "globals\/colors?id=secondary",
                                    "ekit_icon_box_btn_hover_color": "globals\/colors?id=809a4a4",
                                    "ekit_icon_box_icon_primary_color": "globals\/colors?id=secondary",
                                    "ekit_icon_box_icon_secondary_color_normal": "globals\/colors?id=fba7e5c"
                                },
                                "ekit_icon_box_enable_btn": "",
                                "ekit_icon_box_icons": {
                                    "value": "icon icon-right-arrow",
                                    "library": "ekiticons"
                                },
                                "ekit_icon_box_icon_align": "right",
                                "ekit_icon_box_text_padding": {
                                    "unit": "px",
                                    "top": "0",
                                    "right": "0",
                                    "bottom": "0",
                                    "left": "0",
                                    "isLinked": false
                                },
                                "ekit_icon_box_btn_background_group_background": "classic",
                                "ekit_icon_box_btn_background_group_color": "#02010100",
                                "ekit_icon_box_header_icons": {
                                    "value": "icon icon-map-marker1",
                                    "library": "ekiticons"
                                },
                                "ekit_icon_box_show_image": {
                                    "url": "https:\/\/kinforce.net\/hostyng\/wp-content\/plugins\/elementor\/assets\/images\/placeholder.png",
                                    "id": ""
                                },
                                "ha_advanced_tooltip_content": "I am a tooltip",
                                "ekit_icon_icon_size_mobile": {
                                    "unit": "px",
                                    "size": 30,
                                    "sizes": []
                                },
                                "ekit_icon_box_icon_line_height": {
                                    "unit": "px",
                                    "size": 120,
                                    "sizes": []
                                },
                                "ekit_icon_box_icon_line_height_mobile": {
                                    "unit": "px",
                                    "size": 60,
                                    "sizes": []
                                },
                                "_margin": {
                                    "unit": "px",
                                    "top": "10",
                                    "right": "0",
                                    "bottom": "0",
                                    "left": "0",
                                    "isLinked": false
                                }
                            },
                            "elements": [],
                            "isInner": false,
                            "widgetType": "elementskit-icon-box",
                            "elType": "widget"
                        },
                        {
                            "id": "34d670c2",
                            "settings": {
                                "ekit_icon_box_header_image": {
                                    "url": "https:\/\/kinforce.net\/hostyng\/wp-content\/uploads\/2021\/04\/elements-150-line-icons-XNYRKN-10.png",
                                    "id": 561
                                },
                                "ekit_icon_box_title_text": "Phone Number",
                                "ekit_icon_box_description_text": "+88 (0) 101 0000 000 <br>\n+88 (0) 202 0000 001 ",
                                "ekit_icon_box_btn_text": "Buy Now",
                                "ekit_icon_box_icon_position": "left",
                                "ekit_icon_box_badge_title": "EXCLUSIVE",
                                "ekit_icon_box_infobox_bg_group_background": "classic",
                                "ekit_icon_box_infobox_bg_group_color": "#02010100",
                                "ekit_icon_box_infobox_bg_padding": {
                                    "unit": "px",
                                    "top": "0",
                                    "right": "0",
                                    "bottom": "0",
                                    "left": "0",
                                    "isLinked": true
                                },
                                "ekit_icon_box_iocnbox_border_group_border": "solid",
                                "ekit_icon_box_iocnbox_border_group_width": {
                                    "unit": "px",
                                    "top": "0",
                                    "right": "0",
                                    "bottom": "0",
                                    "left": "0",
                                    "isLinked": true
                                },
                                "ekit_icon_title_bottom_space": {
                                    "unit": "px",
                                    "top": "7",
                                    "right": "0",
                                    "bottom": "13",
                                    "left": "0",
                                    "isLinked": false,
                                    "size": "20"
                                },
                                "ekit_icon_box_border_width": {
                                    "unit": "px",
                                    "top": "1",
                                    "right": "1",
                                    "bottom": "1",
                                    "left": "1",
                                    "isLinked": true
                                },
                                "ekit_icon_box_border_width_mobile": {
                                    "unit": "px",
                                    "top": "0",
                                    "right": "0",
                                    "bottom": "0",
                                    "left": "0",
                                    "isLinked": true
                                },
                                "ekit_icon_box_icon_border_radius": {
                                    "unit": "%",
                                    "top": "50",
                                    "right": "50",
                                    "bottom": "50",
                                    "left": "50",
                                    "isLinked": true
                                },
                                "ekit_icon_box_icon_space": {
                                    "unit": "px",
                                    "top": "3",
                                    "right": "30",
                                    "bottom": "0",
                                    "left": "0",
                                    "isLinked": false
                                },
                                "ekit_icon_box_icon_space_mobile": {
                                    "unit": "px",
                                    "top": "11",
                                    "right": "20",
                                    "bottom": "0",
                                    "left": "0",
                                    "isLinked": false
                                },
                                "ekit_icon_icon_padding_mobile": {
                                    "unit": "px",
                                    "top": "0",
                                    "right": "0",
                                    "bottom": "0",
                                    "left": "0",
                                    "isLinked": false
                                },
                                "ekit_icon_box_icon_height": {
                                    "unit": "px",
                                    "size": 120,
                                    "sizes": []
                                },
                                "ekit_icon_box_icon_height_mobile": {
                                    "unit": "px",
                                    "size": 60,
                                    "sizes": []
                                },
                                "ekit_icon_box_icon_width": {
                                    "unit": "px",
                                    "size": 120,
                                    "sizes": []
                                },
                                "ekit_icon_box_icon_width_mobile": {
                                    "unit": "px",
                                    "size": 60,
                                    "sizes": []
                                },
                                "_animation": "fadeInLeft",
                                "_animation_delay": 300,
                                "__globals__": {
                                    "ekit_icon_box_border_color": "",
                                    "ekit_icon_title_typography_group_typography": "globals\/typography?id=354f741",
                                    "ekit_icon_title_color": "globals\/colors?id=92bfebb",
                                    "ekit_icon_title_color_hover": "globals\/colors?id=92bfebb",
                                    "ekit_icon_description_color": "globals\/colors?id=primary",
                                    "ekit_icon_description_color_hover": "globals\/colors?id=primary",
                                    "ekit_icon_description_typography_group_typography": "globals\/typography?id=text",
                                    "ekit_icon_box_button_text_color": "globals\/colors?id=secondary",
                                    "ekit_icon_box_btn_hover_color": "globals\/colors?id=809a4a4",
                                    "ekit_icon_box_icon_primary_color": "globals\/colors?id=secondary",
                                    "ekit_icon_box_icon_secondary_color_normal": "globals\/colors?id=fba7e5c"
                                },
                                "ekit_icon_box_enable_btn": "",
                                "ekit_icon_box_icons": {
                                    "value": "icon icon-right-arrow",
                                    "library": "ekiticons"
                                },
                                "ekit_icon_box_icon_align": "right",
                                "ekit_icon_box_text_padding": {
                                    "unit": "px",
                                    "top": "0",
                                    "right": "0",
                                    "bottom": "0",
                                    "left": "0",
                                    "isLinked": false
                                },
                                "ekit_icon_box_btn_background_group_background": "classic",
                                "ekit_icon_box_btn_background_group_color": "#02010100",
                                "_margin": {
                                    "unit": "px",
                                    "top": "10",
                                    "right": "0",
                                    "bottom": "0",
                                    "left": "0",
                                    "isLinked": false
                                },
                                "ekit_icon_box_header_icons": {
                                    "value": "icon icon-phone-call2",
                                    "library": "ekiticons"
                                },
                                "ekit_icon_box_show_image": {
                                    "url": "https:\/\/kinforce.net\/hostyng\/wp-content\/plugins\/elementor\/assets\/images\/placeholder.png",
                                    "id": ""
                                },
                                "ha_advanced_tooltip_content": "I am a tooltip",
                                "ekit_icon_icon_size_mobile": {
                                    "unit": "px",
                                    "size": 30,
                                    "sizes": []
                                },
                                "ekit_icon_box_icon_line_height": {
                                    "unit": "px",
                                    "size": 120,
                                    "sizes": []
                                },
                                "ekit_icon_box_icon_line_height_mobile": {
                                    "unit": "px",
                                    "size": 60,
                                    "sizes": []
                                }
                            },
                            "elements": [],
                            "isInner": false,
                            "widgetType": "elementskit-icon-box",
                            "elType": "widget"
                        },
                        {
                            "id": "1214b85c",
                            "settings": {
                                "ekit_icon_box_header_image": {
                                    "url": "https:\/\/kinforce.net\/hostyng\/wp-content\/uploads\/2021\/04\/elements-150-line-icons-XNYRKN-11.png",
                                    "id": 560
                                },
                                "ekit_icon_box_title_text": "Email Address",
                                "ekit_icon_box_description_text": "info@yourdomain.com <br>\nname@yourdomain.com",
                                "ekit_icon_box_btn_text": "Buy Now",
                                "ekit_icon_box_icon_position": "left",
                                "ekit_icon_box_badge_title": "EXCLUSIVE",
                                "ekit_icon_box_infobox_bg_group_background": "classic",
                                "ekit_icon_box_infobox_bg_group_color": "#02010100",
                                "ekit_icon_box_infobox_bg_padding": {
                                    "unit": "px",
                                    "top": "0",
                                    "right": "0",
                                    "bottom": "0",
                                    "left": "0",
                                    "isLinked": true
                                },
                                "ekit_icon_box_iocnbox_border_group_border": "solid",
                                "ekit_icon_box_iocnbox_border_group_width": {
                                    "unit": "px",
                                    "top": "0",
                                    "right": "0",
                                    "bottom": "0",
                                    "left": "0",
                                    "isLinked": true
                                },
                                "ekit_icon_title_bottom_space": {
                                    "unit": "px",
                                    "top": "7",
                                    "right": "0",
                                    "bottom": "13",
                                    "left": "0",
                                    "isLinked": false,
                                    "size": "20"
                                },
                                "ekit_icon_box_border_width": {
                                    "unit": "px",
                                    "top": "1",
                                    "right": "1",
                                    "bottom": "1",
                                    "left": "1",
                                    "isLinked": true
                                },
                                "ekit_icon_box_border_width_mobile": {
                                    "unit": "px",
                                    "top": "0",
                                    "right": "0",
                                    "bottom": "0",
                                    "left": "0",
                                    "isLinked": true
                                },
                                "ekit_icon_box_icon_border_radius": {
                                    "unit": "%",
                                    "top": "50",
                                    "right": "50",
                                    "bottom": "50",
                                    "left": "50",
                                    "isLinked": true
                                },
                                "ekit_icon_box_icon_space": {
                                    "unit": "px",
                                    "top": "3",
                                    "right": "30",
                                    "bottom": "0",
                                    "left": "0",
                                    "isLinked": false
                                },
                                "ekit_icon_box_icon_space_mobile": {
                                    "unit": "px",
                                    "top": "11",
                                    "right": "20",
                                    "bottom": "0",
                                    "left": "0",
                                    "isLinked": false
                                },
                                "ekit_icon_icon_padding_mobile": {
                                    "unit": "px",
                                    "top": "0",
                                    "right": "0",
                                    "bottom": "0",
                                    "left": "0",
                                    "isLinked": false
                                },
                                "ekit_icon_box_icon_height": {
                                    "unit": "px",
                                    "size": 120,
                                    "sizes": []
                                },
                                "ekit_icon_box_icon_height_mobile": {
                                    "unit": "px",
                                    "size": 60,
                                    "sizes": []
                                },
                                "ekit_icon_box_icon_width": {
                                    "unit": "px",
                                    "size": 120,
                                    "sizes": []
                                },
                                "ekit_icon_box_icon_width_mobile": {
                                    "unit": "px",
                                    "size": 60,
                                    "sizes": []
                                },
                                "_animation": "fadeInLeft",
                                "_animation_delay": 300,
                                "__globals__": {
                                    "ekit_icon_box_border_color": "",
                                    "ekit_icon_title_typography_group_typography": "globals\/typography?id=354f741",
                                    "ekit_icon_title_color": "globals\/colors?id=92bfebb",
                                    "ekit_icon_title_color_hover": "globals\/colors?id=92bfebb",
                                    "ekit_icon_description_color": "globals\/colors?id=primary",
                                    "ekit_icon_description_color_hover": "globals\/colors?id=primary",
                                    "ekit_icon_description_typography_group_typography": "globals\/typography?id=text",
                                    "ekit_icon_box_button_text_color": "globals\/colors?id=secondary",
                                    "ekit_icon_box_btn_hover_color": "globals\/colors?id=809a4a4",
                                    "ekit_icon_box_icon_primary_color": "globals\/colors?id=secondary",
                                    "ekit_icon_box_icon_secondary_color_normal": "globals\/colors?id=fba7e5c"
                                },
                                "ekit_icon_box_enable_btn": "",
                                "ekit_icon_box_icons": {
                                    "value": "icon icon-right-arrow",
                                    "library": "ekiticons"
                                },
                                "ekit_icon_box_icon_align": "right",
                                "ekit_icon_box_text_padding": {
                                    "unit": "px",
                                    "top": "0",
                                    "right": "0",
                                    "bottom": "0",
                                    "left": "0",
                                    "isLinked": false
                                },
                                "ekit_icon_box_btn_background_group_background": "classic",
                                "ekit_icon_box_btn_background_group_color": "#02010100",
                                "_margin": {
                                    "unit": "px",
                                    "top": "10",
                                    "right": "0",
                                    "bottom": "0",
                                    "left": "0",
                                    "isLinked": false
                                },
                                "ekit_icon_box_header_icons": {
                                    "value": "hm hm-mail-open",
                                    "library": "happy-icons"
                                },
                                "ekit_icon_box_show_image": {
                                    "url": "https:\/\/kinforce.net\/hostyng\/wp-content\/plugins\/elementor\/assets\/images\/placeholder.png",
                                    "id": ""
                                },
                                "ha_advanced_tooltip_content": "I am a tooltip",
                                "ekit_icon_icon_size_mobile": {
                                    "unit": "px",
                                    "size": 30,
                                    "sizes": []
                                },
                                "ekit_icon_box_icon_line_height": {
                                    "unit": "px",
                                    "size": 120,
                                    "sizes": []
                                },
                                "ekit_icon_box_icon_line_height_mobile": {
                                    "unit": "px",
                                    "size": 60,
                                    "sizes": []
                                }
                            },
                            "elements": [],
                            "isInner": false,
                            "widgetType": "elementskit-icon-box",
                            "elType": "widget"
                        }
                    ],
                    "isInner": false,
                    "elType": "column"
                },
                {
                    "id": "70fb9e3f",
                    "settings": {
                        "_column_size": 50,
                        "_inline_size": 60,
                        "padding": {
                            "unit": "px",
                            "top": "40",
                            "right": "40",
                            "bottom": "30",
                            "left": "40",
                            "isLinked": false
                        },
                        "_inline_size_tablet": 100,
                        "background_background": "classic",
                        "background_color": "#0000003D",
                        "border_radius": {
                            "unit": "px",
                            "top": "30",
                            "right": "30",
                            "bottom": "30",
                            "left": "30",
                            "isLinked": true
                        },
                        "margin_mobile": {
                            "unit": "px",
                            "top": "40",
                            "right": "0",
                            "bottom": "0",
                            "left": "0",
                            "isLinked": false
                        },
                        "padding_mobile": {
                            "unit": "px",
                            "top": "0",
                            "right": "0",
                            "bottom": "0",
                            "left": "0",
                            "isLinked": false
                        },
                        "__globals__": {
                            "background_color": ""
                        }
                    },
                    "elements": [
                        {
                            "id": "144d21ec",
                            "settings": {
                                "title": "Need Help? Send Us A Message",
                                "align": "left",
                                "ha_advanced_tooltip_content": "I am a tooltip",
                                "header_size": "h3",
                                "_margin_mobile": {
                                    "unit": "px",
                                    "top": "30",
                                    "right": "20",
                                    "bottom": "-45",
                                    "left": "20",
                                    "isLinked": false
                                },
                                "_animation": "fadeInDown"
                            },
                            "elements": [],
                            "isInner": false,
                            "widgetType": "heading",
                            "elType": "widget"
                        },
                        {
                            "id": "22b5251c",
                            "settings": {
                                "mf_form_id": "984***1630557799415",
                                "ha_advanced_tooltip_content": "I am a tooltip",
                                "_animation": "fadeInUp"
                            },
                            "elements": [],
                            "isInner": false,
                            "widgetType": "metform",
                            "elType": "widget"
                        }
                    ],
                    "isInner": false,
                    "elType": "column"
                }
            ],
            "isInner": false,
            "elType": "section"
        },
        {
            "id": "11de1e5",
            "settings": {
                "margin": {
                    "unit": "px",
                    "top": "110",
                    "right": 0,
                    "bottom": "0",
                    "left": 0,
                    "isLinked": false
                },
                "margin_tablet": {
                    "unit": "px",
                    "top": "80",
                    "right": 0,
                    "bottom": "0",
                    "left": 0,
                    "isLinked": false
                },
                "padding_tablet": {
                    "unit": "px",
                    "top": "0",
                    "right": "30",
                    "bottom": "0",
                    "left": "30",
                    "isLinked": false
                }
            },
            "elements": [
                {
                    "id": "5fff8a0d",
                    "settings": {
                        "_column_size": 100,
                        "_inline_size": null
                    },
                    "elements": [
                        {
                            "id": "3adc25c1",
                            "settings": {
                                "title": "Run your ICO from anytime",
                                "header_size": "h5",
                                "align": "center",
                                "ha_advanced_tooltip_content": "I am a tooltip",
                                "_animation": "fadeInDown",
                                "__globals__": {
                                    "title_color": "globals\/colors?id=92bfebb"
                                }
                            },
                            "elements": [],
                            "isInner": false,
                            "widgetType": "heading",
                            "elType": "widget"
                        },
                        {
                            "id": "527d3ed8",
                            "settings": {
                                "title": "Special Offer - 30% Off for this Month",
                                "align": "center",
                                "ha_advanced_tooltip_content": "I am a tooltip",
                                "_animation": "fadeInUp"
                            },
                            "elements": [],
                            "isInner": false,
                            "widgetType": "heading",
                            "elType": "widget"
                        },
                        {
                            "id": "3d14c94f",
                            "settings": {
                                "text": "Join & Buy Token Now",
                                "align": "center",
                                "_margin": {
                                    "unit": "px",
                                    "top": "20",
                                    "right": "0",
                                    "bottom": "0",
                                    "left": "0",
                                    "isLinked": false
                                },
                                "ha_advanced_tooltip_content": "I am a tooltip",
                                "_animation": "fadeInUp",
                                "_animation_delay": 100,
                                "typography_typography": "custom",
                                "typography_font_family": "Poppins",
                                "typography_font_size_mobile": {
                                    "unit": "px",
                                    "size": 14,
                                    "sizes": []
                                },
                                "typography_font_weight": "600"
                            },
                            "elements": [],
                            "isInner": false,
                            "widgetType": "button",
                            "elType": "widget"
                        }
                    ],
                    "isInner": false,
                    "elType": "column"
                }
            ],
            "isInner": false,
            "elType": "section"
        }
    ],
    "page_settings": {
        "ha_grid_zindex": "1000",
        "template": "elementor_canvas"
    }
}