{
    "version": "0.4",
    "title": "Features Section",
    "type": "section",
    "metadata": {
        "template_type": "section-features",
        "include_in_zip": "1",
        "elementor_pro_required": null,
        "wp_page_template": "elementor_canvas"
    },
    "content": [
        {
            "id": "23b63635",
            "settings": {
                "margin": {
                    "unit": "px",
                    "top": "110",
                    "right": 0,
                    "bottom": "0",
                    "left": 0,
                    "isLinked": false
                },
                "margin_mobile": {
                    "unit": "px",
                    "top": "80",
                    "right": 0,
                    "bottom": "0",
                    "left": 0,
                    "isLinked": false
                },
                "padding_tablet": {
                    "unit": "px",
                    "top": "0",
                    "right": "30",
                    "bottom": "0",
                    "left": "30",
                    "isLinked": false
                }
            },
            "elements": [
                {
                    "id": "a42f262",
                    "settings": {
                        "_column_size": 100,
                        "_inline_size": null
                    },
                    "elements": [
                        {
                            "id": "5933079d",
                            "settings": {
                                "title": "Secure and Easy Way <br>\nto Trade Online",
                                "align": "center",
                                "ha_advanced_tooltip_content": "I am a tooltip",
                                "_animation": "fadeInDown"
                            },
                            "elements": [],
                            "isInner": false,
                            "widgetType": "heading",
                            "elType": "widget"
                        }
                    ],
                    "isInner": false,
                    "elType": "column"
                }
            ],
            "isInner": false,
            "elType": "section"
        },
        {
            "id": "1a33419f",
            "settings": {
                "structure": "30",
                "margin": {
                    "unit": "px",
                    "top": "15",
                    "right": 0,
                    "bottom": "0",
                    "left": 0,
                    "isLinked": false
                },
                "gap_columns_custom": {
                    "unit": "px",
                    "size": 15,
                    "sizes": []
                },
                "padding_tablet": {
                    "unit": "px",
                    "top": "0",
                    "right": "30",
                    "bottom": "0",
                    "left": "30",
                    "isLinked": false
                }
            },
            "elements": [
                {
                    "id": "50c429e1",
                    "settings": {
                        "_column_size": 33,
                        "_inline_size": null,
                        "align": "center",
                        "animation": "fadeInUp",
                        "animation_delay": 100
                    },
                    "elements": [
                        {
                            "id": "7934deb1",
                            "settings": {
                                "ekit_icon_box_enable_header_icon": "image",
                                "ekit_icon_box_header_image": {
                                    "url": "https:\/\/kinforce.net\/cripto\/wp-content\/uploads\/2021\/08\/elements-30-cryptocurrency-icons-flat-ZBZ8VZC_1.png",
                                    "id": 130,
                                    "alt": "",
                                    "source": "library"
                                },
                                "ekit_icon_box_title_text": "Safe and Secure",
                                "ekit_icon_box_description_text": "Vivamus risus purus, vulputate a sagittis, suscipit scelerisque massa at mattis odio vitae libero semper.",
                                "ekit_icon_box_enable_btn": "",
                                "ekit_icon_box_btn_text": "Learn more ",
                                "ekit_icon_box_badge_title": "EXCLUSIVE",
                                "ekit_icon_box_infobox_bg_group_background": "classic",
                                "ekit_icon_box_infobox_bg_group_color": "#2B0C47",
                                "ekit_icon_box_iocnbox_border_group_border": "solid",
                                "ekit_icon_box_iocnbox_border_group_width": {
                                    "unit": "px",
                                    "top": "0",
                                    "right": "0",
                                    "bottom": "0",
                                    "left": "0",
                                    "isLinked": true
                                },
                                "ekit_icon_box_infobox_border_radious": {
                                    "unit": "px",
                                    "top": "20",
                                    "right": "20",
                                    "bottom": "20",
                                    "left": "20",
                                    "isLinked": true
                                },
                                "ekit_icon_title_color": "#FFFFFF",
                                "ekit_icon_title_color_hover": "#FFFFFF",
                                "ekit_icon_description_color": "#FFFFFF",
                                "ekit_icon_description_color_hover": "#FFFFFF",
                                "ha_advanced_tooltip_content": "I am a tooltip",
                                "__globals__": {
                                    "ekit_icon_box_infobox_bg_group_color": "globals\/colors?id=fba7e5c",
                                    "ekit_icon_title_color": "globals\/colors?id=primary",
                                    "ekit_icon_title_color_hover": "globals\/colors?id=text",
                                    "ekit_icon_description_color": "globals\/colors?id=primary",
                                    "ekit_icon_description_color_hover": "globals\/colors?id=primary",
                                    "ekit_icon_description_typography_group_typography": "globals\/typography?id=text",
                                    "ekit_icon_title_typography_group_typography": "globals\/typography?id=354f741"
                                },
                                "ekit_icon_title_bottom_space": {
                                    "unit": "px",
                                    "top": "10",
                                    "right": "0",
                                    "bottom": "20",
                                    "left": "0",
                                    "isLinked": false,
                                    "size": "20"
                                },
                                "ekit_icon_box_infobox_bg_padding": {
                                    "unit": "px",
                                    "top": "50",
                                    "right": "40",
                                    "bottom": "60",
                                    "left": "40",
                                    "isLinked": false
                                },
                                "ekit_icon_box_infobox_bg_padding_tablet": {
                                    "unit": "px",
                                    "top": "40",
                                    "right": "20",
                                    "bottom": "50",
                                    "left": "20",
                                    "isLinked": false
                                }
                            },
                            "elements": [],
                            "isInner": false,
                            "widgetType": "elementskit-icon-box",
                            "elType": "widget"
                        },
                        {
                            "id": "22c70aab",
                            "settings": {
                                "selected_icon": {
                                    "value": "hm hm-angle-right",
                                    "library": "happy-icons"
                                },
                                "link": {
                                    "url": "#",
                                    "is_external": "",
                                    "nofollow": "",
                                    "custom_attributes": ""
                                },
                                "hover_animation": "grow",
                                "size": {
                                    "unit": "px",
                                    "size": 18,
                                    "sizes": []
                                },
                                "_margin": {
                                    "unit": "px",
                                    "top": "-42",
                                    "right": "0",
                                    "bottom": "0",
                                    "left": "0",
                                    "isLinked": false
                                },
                                "_padding": {
                                    "unit": "px",
                                    "top": "11",
                                    "right": "0",
                                    "bottom": "1",
                                    "left": "0",
                                    "isLinked": false
                                },
                                "ha_advanced_tooltip_content": "I am a tooltip",
                                "_background_background": "gradient",
                                "_background_gradient_angle": {
                                    "unit": "deg",
                                    "size": 90,
                                    "sizes": []
                                },
                                "_background_hover_background": "gradient",
                                "_background_hover_gradient_angle": {
                                    "unit": "deg",
                                    "size": 90,
                                    "sizes": []
                                },
                                "_border_radius": {
                                    "unit": "%",
                                    "top": "50",
                                    "right": "50",
                                    "bottom": "50",
                                    "left": "50",
                                    "isLinked": true
                                },
                                "_element_width": "initial",
                                "_element_custom_width": {
                                    "unit": "px",
                                    "size": 44,
                                    "sizes": []
                                },
                                "__globals__": {
                                    "primary_color": "globals\/colors?id=primary",
                                    "secondary_color": "globals\/colors?id=primary",
                                    "_background_color": "globals\/colors?id=secondary",
                                    "_background_color_b": "globals\/colors?id=103493d",
                                    "_background_hover_color": "globals\/colors?id=103493d",
                                    "_background_hover_color_b": "globals\/colors?id=secondary"
                                },
                                "_padding_mobile": {
                                    "unit": "px",
                                    "top": "13",
                                    "right": "0",
                                    "bottom": "2",
                                    "left": "0",
                                    "isLinked": false
                                }
                            },
                            "elements": [],
                            "isInner": false,
                            "widgetType": "icon",
                            "elType": "widget"
                        }
                    ],
                    "isInner": false,
                    "elType": "column"
                },
                {
                    "id": "47f589cc",
                    "settings": {
                        "_column_size": 33,
                        "_inline_size": null,
                        "align": "center",
                        "animation": "fadeInUp",
                        "animation_delay": 200,
                        "margin_mobile": {
                            "unit": "px",
                            "top": "20",
                            "right": "0",
                            "bottom": "0",
                            "left": "0",
                            "isLinked": false
                        }
                    },
                    "elements": [
                        {
                            "id": "16b540cb",
                            "settings": {
                                "ekit_icon_box_enable_header_icon": "image",
                                "ekit_icon_box_header_image": {
                                    "url": "https:\/\/kinforce.net\/cripto\/wp-content\/uploads\/2021\/08\/elements-30-cryptocurrency-icons-flat-ZBZ8VZC_2.png",
                                    "id": 131,
                                    "alt": "",
                                    "source": "library"
                                },
                                "ekit_icon_box_title_text": "Automated Buy & Sell",
                                "ekit_icon_box_description_text": "Vivamus risus purus, vulputate a sagittis, suscipit scelerisque massa at mattis odio vitae libero semper.",
                                "ekit_icon_box_enable_btn": "",
                                "ekit_icon_box_btn_text": "Learn more ",
                                "ekit_icon_box_badge_title": "EXCLUSIVE",
                                "ekit_icon_box_infobox_bg_group_background": "classic",
                                "ekit_icon_box_infobox_bg_group_color": "#2B0C47",
                                "ekit_icon_box_iocnbox_border_group_border": "solid",
                                "ekit_icon_box_iocnbox_border_group_width": {
                                    "unit": "px",
                                    "top": "0",
                                    "right": "0",
                                    "bottom": "0",
                                    "left": "0",
                                    "isLinked": true
                                },
                                "ekit_icon_box_infobox_border_radious": {
                                    "unit": "px",
                                    "top": "20",
                                    "right": "20",
                                    "bottom": "20",
                                    "left": "20",
                                    "isLinked": true
                                },
                                "ekit_icon_title_color": "#FFFFFF",
                                "ekit_icon_title_color_hover": "#FFFFFF",
                                "ekit_icon_description_color": "#FFFFFF",
                                "ekit_icon_description_color_hover": "#FFFFFF",
                                "ha_advanced_tooltip_content": "I am a tooltip",
                                "__globals__": {
                                    "ekit_icon_box_infobox_bg_group_color": "globals\/colors?id=fba7e5c",
                                    "ekit_icon_title_color": "globals\/colors?id=primary",
                                    "ekit_icon_title_color_hover": "globals\/colors?id=text",
                                    "ekit_icon_description_color": "globals\/colors?id=primary",
                                    "ekit_icon_description_color_hover": "globals\/colors?id=primary",
                                    "ekit_icon_description_typography_group_typography": "globals\/typography?id=text",
                                    "ekit_icon_title_typography_group_typography": "globals\/typography?id=354f741"
                                },
                                "ekit_icon_title_bottom_space": {
                                    "unit": "px",
                                    "top": "10",
                                    "right": "0",
                                    "bottom": "20",
                                    "left": "0",
                                    "isLinked": false,
                                    "size": "20"
                                },
                                "ekit_icon_box_infobox_bg_padding": {
                                    "unit": "px",
                                    "top": "50",
                                    "right": "40",
                                    "bottom": "60",
                                    "left": "40",
                                    "isLinked": false
                                },
                                "ekit_icon_box_infobox_bg_padding_tablet": {
                                    "unit": "px",
                                    "top": "40",
                                    "right": "20",
                                    "bottom": "50",
                                    "left": "20",
                                    "isLinked": false
                                }
                            },
                            "elements": [],
                            "isInner": false,
                            "widgetType": "elementskit-icon-box",
                            "elType": "widget"
                        },
                        {
                            "id": "7caf5926",
                            "settings": {
                                "selected_icon": {
                                    "value": "hm hm-angle-right",
                                    "library": "happy-icons"
                                },
                                "link": {
                                    "url": "#",
                                    "is_external": "",
                                    "nofollow": "",
                                    "custom_attributes": ""
                                },
                                "hover_animation": "grow",
                                "size": {
                                    "unit": "px",
                                    "size": 18,
                                    "sizes": []
                                },
                                "_margin": {
                                    "unit": "px",
                                    "top": "-42",
                                    "right": "0",
                                    "bottom": "0",
                                    "left": "0",
                                    "isLinked": false
                                },
                                "_padding": {
                                    "unit": "px",
                                    "top": "11",
                                    "right": "0",
                                    "bottom": "1",
                                    "left": "0",
                                    "isLinked": false
                                },
                                "ha_advanced_tooltip_content": "I am a tooltip",
                                "_background_background": "gradient",
                                "_background_gradient_angle": {
                                    "unit": "deg",
                                    "size": 90,
                                    "sizes": []
                                },
                                "_background_hover_background": "gradient",
                                "_background_hover_gradient_angle": {
                                    "unit": "deg",
                                    "size": 90,
                                    "sizes": []
                                },
                                "_border_radius": {
                                    "unit": "%",
                                    "top": "50",
                                    "right": "50",
                                    "bottom": "50",
                                    "left": "50",
                                    "isLinked": true
                                },
                                "_element_width": "initial",
                                "_element_custom_width": {
                                    "unit": "px",
                                    "size": 44,
                                    "sizes": []
                                },
                                "__globals__": {
                                    "primary_color": "globals\/colors?id=primary",
                                    "secondary_color": "globals\/colors?id=primary",
                                    "_background_color": "globals\/colors?id=secondary",
                                    "_background_color_b": "globals\/colors?id=103493d",
                                    "_background_hover_color": "globals\/colors?id=103493d",
                                    "_background_hover_color_b": "globals\/colors?id=secondary"
                                },
                                "_padding_mobile": {
                                    "unit": "px",
                                    "top": "13",
                                    "right": "0",
                                    "bottom": "2",
                                    "left": "0",
                                    "isLinked": false
                                }
                            },
                            "elements": [],
                            "isInner": false,
                            "widgetType": "icon",
                            "elType": "widget"
                        }
                    ],
                    "isInner": false,
                    "elType": "column"
                },
                {
                    "id": "5e21f1d4",
                    "settings": {
                        "_column_size": 33,
                        "_inline_size": null,
                        "align": "center",
                        "animation": "fadeInUp",
                        "animation_delay": 300,
                        "margin_mobile": {
                            "unit": "px",
                            "top": "20",
                            "right": "0",
                            "bottom": "0",
                            "left": "0",
                            "isLinked": false
                        }
                    },
                    "elements": [
                        {
                            "id": "11024171",
                            "settings": {
                                "ekit_icon_box_enable_header_icon": "image",
                                "ekit_icon_box_header_image": {
                                    "url": "https:\/\/kinforce.net\/cripto\/wp-content\/uploads\/2021\/08\/elements-30-cryptocurrency-icons-flat-ZBZ8VZC_3.png",
                                    "id": 132,
                                    "alt": "",
                                    "source": "library"
                                },
                                "ekit_icon_box_title_text": "24x7 Customer Support",
                                "ekit_icon_box_description_text": "Vivamus risus purus, vulputate a sagittis, suscipit scelerisque massa at mattis odio vitae libero semper.",
                                "ekit_icon_box_enable_btn": "",
                                "ekit_icon_box_btn_text": "Learn more ",
                                "ekit_icon_box_badge_title": "EXCLUSIVE",
                                "ekit_icon_box_infobox_bg_group_background": "classic",
                                "ekit_icon_box_infobox_bg_group_color": "#2B0C47",
                                "ekit_icon_box_iocnbox_border_group_border": "solid",
                                "ekit_icon_box_iocnbox_border_group_width": {
                                    "unit": "px",
                                    "top": "0",
                                    "right": "0",
                                    "bottom": "0",
                                    "left": "0",
                                    "isLinked": true
                                },
                                "ekit_icon_box_infobox_border_radious": {
                                    "unit": "px",
                                    "top": "20",
                                    "right": "20",
                                    "bottom": "20",
                                    "left": "20",
                                    "isLinked": true
                                },
                                "ekit_icon_title_color": "#FFFFFF",
                                "ekit_icon_title_color_hover": "#FFFFFF",
                                "ekit_icon_description_color": "#FFFFFF",
                                "ekit_icon_description_color_hover": "#FFFFFF",
                                "ha_advanced_tooltip_content": "I am a tooltip",
                                "__globals__": {
                                    "ekit_icon_box_infobox_bg_group_color": "globals\/colors?id=fba7e5c",
                                    "ekit_icon_title_color": "globals\/colors?id=primary",
                                    "ekit_icon_title_color_hover": "globals\/colors?id=text",
                                    "ekit_icon_description_color": "globals\/colors?id=primary",
                                    "ekit_icon_description_color_hover": "globals\/colors?id=primary",
                                    "ekit_icon_description_typography_group_typography": "globals\/typography?id=text",
                                    "ekit_icon_title_typography_group_typography": "globals\/typography?id=354f741"
                                },
                                "ekit_icon_title_bottom_space": {
                                    "unit": "px",
                                    "top": "10",
                                    "right": "0",
                                    "bottom": "20",
                                    "left": "0",
                                    "isLinked": false,
                                    "size": "20"
                                },
                                "ekit_icon_box_infobox_bg_padding": {
                                    "unit": "px",
                                    "top": "50",
                                    "right": "40",
                                    "bottom": "60",
                                    "left": "40",
                                    "isLinked": false
                                },
                                "ekit_icon_box_infobox_bg_padding_tablet": {
                                    "unit": "px",
                                    "top": "40",
                                    "right": "20",
                                    "bottom": "50",
                                    "left": "20",
                                    "isLinked": false
                                }
                            },
                            "elements": [],
                            "isInner": false,
                            "widgetType": "elementskit-icon-box",
                            "elType": "widget"
                        },
                        {
                            "id": "39b5085b",
                            "settings": {
                                "selected_icon": {
                                    "value": "hm hm-angle-right",
                                    "library": "happy-icons"
                                },
                                "link": {
                                    "url": "#",
                                    "is_external": "",
                                    "nofollow": "",
                                    "custom_attributes": ""
                                },
                                "hover_animation": "grow",
                                "size": {
                                    "unit": "px",
                                    "size": 18,
                                    "sizes": []
                                },
                                "_margin": {
                                    "unit": "px",
                                    "top": "-42",
                                    "right": "0",
                                    "bottom": "0",
                                    "left": "0",
                                    "isLinked": false
                                },
                                "_padding": {
                                    "unit": "px",
                                    "top": "11",
                                    "right": "0",
                                    "bottom": "1",
                                    "left": "0",
                                    "isLinked": false
                                },
                                "ha_advanced_tooltip_content": "I am a tooltip",
                                "_background_background": "gradient",
                                "_background_gradient_angle": {
                                    "unit": "deg",
                                    "size": 90,
                                    "sizes": []
                                },
                                "_background_hover_background": "gradient",
                                "_background_hover_gradient_angle": {
                                    "unit": "deg",
                                    "size": 90,
                                    "sizes": []
                                },
                                "_border_radius": {
                                    "unit": "%",
                                    "top": "50",
                                    "right": "50",
                                    "bottom": "50",
                                    "left": "50",
                                    "isLinked": true
                                },
                                "_element_width": "initial",
                                "_element_custom_width": {
                                    "unit": "px",
                                    "size": 44,
                                    "sizes": []
                                },
                                "__globals__": {
                                    "primary_color": "globals\/colors?id=primary",
                                    "secondary_color": "globals\/colors?id=primary",
                                    "_background_color": "globals\/colors?id=secondary",
                                    "_background_color_b": "globals\/colors?id=103493d",
                                    "_background_hover_color": "globals\/colors?id=103493d",
                                    "_background_hover_color_b": "globals\/colors?id=secondary"
                                },
                                "_padding_mobile": {
                                    "unit": "px",
                                    "top": "13",
                                    "right": "0",
                                    "bottom": "2",
                                    "left": "0",
                                    "isLinked": false
                                }
                            },
                            "elements": [],
                            "isInner": false,
                            "widgetType": "icon",
                            "elType": "widget"
                        }
                    ],
                    "isInner": false,
                    "elType": "column"
                }
            ],
            "isInner": false,
            "elType": "section"
        }
    ],
    "page_settings": {
        "ha_grid_zindex": "1000",
        "template": "elementor_canvas"
    }
}