{
    "version": "0.4",
    "title": "Footer Section",
    "type": "section",
    "metadata": {
        "template_type": "section-footer",
        "include_in_zip": "1",
        "elementor_pro_required": null,
        "wp_page_template": "elementor_canvas"
    },
    "content": [
        {
            "id": "4748ce16",
            "settings": {
                "content_position": "middle",
                "background_background": "classic",
                "background_image": {
                    "url": "https:\/\/kinforce.net\/cripto\/wp-content\/uploads\/2021\/08\/gridscape-backgrounds-NF6LAQJ.jpg",
                    "id": 293,
                    "alt": "",
                    "source": "library"
                },
                "background_position": "center center",
                "background_repeat": "no-repeat",
                "background_size": "cover",
                "background_overlay_background": "classic",
                "background_overlay_opacity": {
                    "unit": "px",
                    "size": 0.8000000000000000444089209850062616169452667236328125,
                    "sizes": []
                },
                "margin": {
                    "unit": "px",
                    "top": "110",
                    "right": 0,
                    "bottom": "0",
                    "left": 0,
                    "isLinked": false
                },
                "padding": {
                    "unit": "px",
                    "top": "100",
                    "right": "0",
                    "bottom": "80",
                    "left": "0",
                    "isLinked": false
                },
                "__globals__": {
                    "background_overlay_color": "globals\/colors?id=97c0666"
                },
                "padding_tablet": {
                    "unit": "px",
                    "top": "80",
                    "right": "30",
                    "bottom": "40",
                    "left": "30",
                    "isLinked": false
                },
                "padding_mobile": {
                    "unit": "px",
                    "top": "60",
                    "right": "20",
                    "bottom": "40",
                    "left": "20",
                    "isLinked": false
                }
            },
            "elements": [
                {
                    "id": "28f96fb1",
                    "settings": {
                        "_column_size": 100,
                        "_inline_size": null
                    },
                    "elements": [
                        {
                            "id": "4cda2e3c",
                            "settings": {
                                "structure": "50"
                            },
                            "elements": [
                                {
                                    "id": "363fd65f",
                                    "settings": {
                                        "_column_size": 20,
                                        "_inline_size": null,
                                        "_inline_size_tablet": 35
                                    },
                                    "elements": [
                                        {
                                            "id": "6f566053",
                                            "settings": {
                                                "image": {
                                                    "url": "https:\/\/kinforce.net\/cripto\/wp-content\/uploads\/2021\/07\/elements-gravitate-letter-g-logo-template-TD5X6QY.png",
                                                    "id": 9,
                                                    "alt": "",
                                                    "source": "library"
                                                },
                                                "image_size": "full",
                                                "align": "left",
                                                "ha_advanced_tooltip_content": "I am a tooltip",
                                                "align_mobile": "center"
                                            },
                                            "elements": [],
                                            "isInner": false,
                                            "widgetType": "image",
                                            "elType": "widget"
                                        },
                                        {
                                            "id": "8d01b53",
                                            "settings": {
                                                "ekit_socialmedai_list_align": "left",
                                                "ekit_socialmedia_add_icons": [
                                                    {
                                                        "ekit_socialmedia_label": "Facebook",
                                                        "ekit_socialmedia_icon_hover_bg_color": "#EC5046",
                                                        "ekit_socialmedia_link": {
                                                            "url": "#",
                                                            "is_external": "",
                                                            "nofollow": "",
                                                            "custom_attributes": ""
                                                        },
                                                        "ekit_socialmedia_icon_color": "#FFFFFF33",
                                                        "ekit_socialmedia_icon_bg_color": "#3A0F61",
                                                        "__globals__": {
                                                            "ekit_socialmedia_icon_color": "",
                                                            "ekit_socialmedia_icon_bg_color": "",
                                                            "ekit_socialmedia_icon_hover_bg_color": "globals\/colors?id=secondary",
                                                            "ekit_socialmedia_icon_hover_color": "globals\/colors?id=primary"
                                                        },
                                                        "_id": "89da86f"
                                                    },
                                                    {
                                                        "ekit_socialmedia_icons": {
                                                            "value": "icon icon-twitter-1",
                                                            "library": "ekiticons"
                                                        },
                                                        "ekit_socialmedia_label": "Twitter",
                                                        "ekit_socialmedia_icon_hover_bg_color": "#EC5046",
                                                        "ekit_socialmedia_link": {
                                                            "url": "#",
                                                            "is_external": "",
                                                            "nofollow": "",
                                                            "custom_attributes": ""
                                                        },
                                                        "ekit_socialmedia_icon_color": "#FFFFFF33",
                                                        "ekit_socialmedia_icon_bg_color": "#3A0F61",
                                                        "__globals__": {
                                                            "ekit_socialmedia_icon_color": "",
                                                            "ekit_socialmedia_icon_bg_color": "",
                                                            "ekit_socialmedia_icon_hover_bg_color": "globals\/colors?id=secondary",
                                                            "ekit_socialmedia_icon_hover_color": "globals\/colors?id=primary"
                                                        },
                                                        "_id": "432b3fe"
                                                    },
                                                    {
                                                        "ekit_socialmedia_icons": {
                                                            "value": "icon icon-google-plus",
                                                            "library": "ekiticons"
                                                        },
                                                        "ekit_socialmedia_label": "Google Plus",
                                                        "ekit_socialmedia_icon_hover_bg_color": "#EC5046",
                                                        "ekit_socialmedia_link": {
                                                            "url": "#",
                                                            "is_external": "",
                                                            "nofollow": "",
                                                            "custom_attributes": ""
                                                        },
                                                        "ekit_socialmedia_icon_color": "#FFFFFF33",
                                                        "ekit_socialmedia_icon_bg_color": "#3A0F61",
                                                        "__globals__": {
                                                            "ekit_socialmedia_icon_color": "",
                                                            "ekit_socialmedia_icon_bg_color": "",
                                                            "ekit_socialmedia_icon_hover_bg_color": "globals\/colors?id=secondary",
                                                            "ekit_socialmedia_icon_hover_color": "globals\/colors?id=primary"
                                                        },
                                                        "_id": "35fdc00"
                                                    }
                                                ],
                                                "ekit_socialmedai_list_width": {
                                                    "unit": "px",
                                                    "size": 40,
                                                    "sizes": []
                                                },
                                                "ekit_socialmedai_list_height": {
                                                    "unit": "px",
                                                    "size": 40,
                                                    "sizes": []
                                                },
                                                "ekit_socialmedai_list_line_height": {
                                                    "unit": "px",
                                                    "size": 40,
                                                    "sizes": []
                                                },
                                                "_margin": {
                                                    "unit": "px",
                                                    "top": "0",
                                                    "right": "0",
                                                    "bottom": "0",
                                                    "left": "-5",
                                                    "isLinked": false
                                                },
                                                "ha_advanced_tooltip_content": "I am a tooltip",
                                                "ekit_socialmedai_list_align_mobile": "center"
                                            },
                                            "elements": [],
                                            "isInner": false,
                                            "widgetType": "elementskit-social-media",
                                            "elType": "widget"
                                        }
                                    ],
                                    "isInner": true,
                                    "elType": "column"
                                },
                                {
                                    "id": "f634f46",
                                    "settings": {
                                        "_column_size": 20,
                                        "_inline_size": 18,
                                        "_inline_size_tablet": 35,
                                        "margin_mobile": {
                                            "unit": "px",
                                            "top": "30",
                                            "right": "0",
                                            "bottom": "0",
                                            "left": "0",
                                            "isLinked": false
                                        }
                                    },
                                    "elements": [
                                        {
                                            "id": "4a9ac5ce",
                                            "settings": {
                                                "icon_list": [
                                                    {
                                                        "text": "Getting started",
                                                        "selected_icon": {
                                                            "value": "",
                                                            "library": ""
                                                        },
                                                        "_id": "0d87949",
                                                        "link": {
                                                            "url": "#",
                                                            "is_external": "",
                                                            "nofollow": "",
                                                            "custom_attributes": ""
                                                        }
                                                    },
                                                    {
                                                        "text": "How it works",
                                                        "selected_icon": {
                                                            "value": "",
                                                            "library": ""
                                                        },
                                                        "_id": "e6bab49",
                                                        "link": {
                                                            "url": "#",
                                                            "is_external": "",
                                                            "nofollow": "",
                                                            "custom_attributes": ""
                                                        }
                                                    },
                                                    {
                                                        "text": "You need to know",
                                                        "selected_icon": {
                                                            "value": "",
                                                            "library": ""
                                                        },
                                                        "_id": "3fd3a07",
                                                        "link": {
                                                            "url": "#",
                                                            "is_external": "",
                                                            "nofollow": "",
                                                            "custom_attributes": ""
                                                        }
                                                    }
                                                ],
                                                "space_between": {
                                                    "unit": "px",
                                                    "size": 12,
                                                    "sizes": []
                                                },
                                                "ha_advanced_tooltip_content": "I am a tooltip",
                                                "__globals__": {
                                                    "icon_typography_typography": "globals\/typography?id=bfd1ef6",
                                                    "text_color": "globals\/colors?id=primary",
                                                    "text_color_hover": "globals\/colors?id=secondary"
                                                },
                                                "icon_align_mobile": "center"
                                            },
                                            "elements": [],
                                            "isInner": false,
                                            "widgetType": "icon-list",
                                            "elType": "widget"
                                        }
                                    ],
                                    "isInner": true,
                                    "elType": "column"
                                },
                                {
                                    "id": "118102f4",
                                    "settings": {
                                        "_column_size": 20,
                                        "_inline_size": 18,
                                        "_inline_size_tablet": 30,
                                        "margin_mobile": {
                                            "unit": "px",
                                            "top": "30",
                                            "right": "0",
                                            "bottom": "0",
                                            "left": "0",
                                            "isLinked": false
                                        }
                                    },
                                    "elements": [
                                        {
                                            "id": "3a708b78",
                                            "settings": {
                                                "icon_list": [
                                                    {
                                                        "text": "Support Bitcoin",
                                                        "selected_icon": {
                                                            "value": "",
                                                            "library": ""
                                                        },
                                                        "_id": "0d87949",
                                                        "link": {
                                                            "url": "#",
                                                            "is_external": "",
                                                            "nofollow": "",
                                                            "custom_attributes": ""
                                                        }
                                                    },
                                                    {
                                                        "text": "Buy Bitcoin",
                                                        "selected_icon": {
                                                            "value": "",
                                                            "library": ""
                                                        },
                                                        "_id": "e6bab49",
                                                        "link": {
                                                            "url": "#",
                                                            "is_external": "",
                                                            "nofollow": "",
                                                            "custom_attributes": ""
                                                        }
                                                    },
                                                    {
                                                        "text": "Avoid  Scams",
                                                        "selected_icon": {
                                                            "value": "",
                                                            "library": ""
                                                        },
                                                        "_id": "3fd3a07",
                                                        "link": {
                                                            "url": "#",
                                                            "is_external": "",
                                                            "nofollow": "",
                                                            "custom_attributes": ""
                                                        }
                                                    }
                                                ],
                                                "space_between": {
                                                    "unit": "px",
                                                    "size": 12,
                                                    "sizes": []
                                                },
                                                "ha_advanced_tooltip_content": "I am a tooltip",
                                                "__globals__": {
                                                    "icon_typography_typography": "globals\/typography?id=bfd1ef6",
                                                    "text_color": "globals\/colors?id=primary",
                                                    "text_color_hover": "globals\/colors?id=secondary"
                                                },
                                                "icon_align_mobile": "center"
                                            },
                                            "elements": [],
                                            "isInner": false,
                                            "widgetType": "icon-list",
                                            "elType": "widget"
                                        }
                                    ],
                                    "isInner": true,
                                    "elType": "column"
                                },
                                {
                                    "id": "3b5fd51a",
                                    "settings": {
                                        "_column_size": 20,
                                        "_inline_size": 18,
                                        "_inline_size_tablet": 35,
                                        "margin_tablet": {
                                            "unit": "px",
                                            "top": "30",
                                            "right": "0",
                                            "bottom": "0",
                                            "left": "0",
                                            "isLinked": false
                                        }
                                    },
                                    "elements": [
                                        {
                                            "id": "28d1a904",
                                            "settings": {
                                                "icon_list": [
                                                    {
                                                        "text": "Terms of service",
                                                        "selected_icon": {
                                                            "value": "",
                                                            "library": ""
                                                        },
                                                        "_id": "0d87949",
                                                        "link": {
                                                            "url": "#",
                                                            "is_external": "",
                                                            "nofollow": "",
                                                            "custom_attributes": ""
                                                        }
                                                    },
                                                    {
                                                        "text": "Privacy policy",
                                                        "selected_icon": {
                                                            "value": "",
                                                            "library": ""
                                                        },
                                                        "_id": "e6bab49",
                                                        "link": {
                                                            "url": "#",
                                                            "is_external": "",
                                                            "nofollow": "",
                                                            "custom_attributes": ""
                                                        }
                                                    },
                                                    {
                                                        "text": "Disclosures",
                                                        "selected_icon": {
                                                            "value": "",
                                                            "library": ""
                                                        },
                                                        "_id": "3fd3a07",
                                                        "link": {
                                                            "url": "#",
                                                            "is_external": "",
                                                            "nofollow": "",
                                                            "custom_attributes": ""
                                                        }
                                                    }
                                                ],
                                                "space_between": {
                                                    "unit": "px",
                                                    "size": 12,
                                                    "sizes": []
                                                },
                                                "ha_advanced_tooltip_content": "I am a tooltip",
                                                "__globals__": {
                                                    "icon_typography_typography": "globals\/typography?id=bfd1ef6",
                                                    "text_color": "globals\/colors?id=primary",
                                                    "text_color_hover": "globals\/colors?id=secondary"
                                                },
                                                "icon_align_mobile": "center"
                                            },
                                            "elements": [],
                                            "isInner": false,
                                            "widgetType": "icon-list",
                                            "elType": "widget"
                                        }
                                    ],
                                    "isInner": true,
                                    "elType": "column"
                                },
                                {
                                    "id": "3bdf2a29",
                                    "settings": {
                                        "_column_size": 20,
                                        "_inline_size": 26,
                                        "_inline_size_tablet": 45,
                                        "margin_tablet": {
                                            "unit": "px",
                                            "top": "30",
                                            "right": "0",
                                            "bottom": "0",
                                            "left": "0",
                                            "isLinked": false
                                        }
                                    },
                                    "elements": [
                                        {
                                            "id": "27cbe940",
                                            "settings": {
                                                "title": "Subscribe to Our Newsletter",
                                                "header_size": "h6",
                                                "ha_advanced_tooltip_content": "I am a tooltip",
                                                "_margin": {
                                                    "unit": "px",
                                                    "top": "0",
                                                    "right": "0",
                                                    "bottom": "10",
                                                    "left": "0",
                                                    "isLinked": false
                                                },
                                                "align_mobile": "center"
                                            },
                                            "elements": [],
                                            "isInner": false,
                                            "widgetType": "heading",
                                            "elType": "widget"
                                        },
                                        {
                                            "id": "127500fc",
                                            "settings": {
                                                "mf_form_id": "316***1630561375825",
                                                "ha_advanced_tooltip_content": "I am a tooltip"
                                            },
                                            "elements": [],
                                            "isInner": false,
                                            "widgetType": "metform",
                                            "elType": "widget"
                                        }
                                    ],
                                    "isInner": true,
                                    "elType": "column"
                                }
                            ],
                            "isInner": true,
                            "elType": "section"
                        },
                        {
                            "id": "49a12c64",
                            "settings": {
                                "text": "Divider",
                                "color": "#420F5C",
                                "_margin": {
                                    "unit": "px",
                                    "top": "20",
                                    "right": "0",
                                    "bottom": "0",
                                    "left": "0",
                                    "isLinked": false
                                },
                                "ha_advanced_tooltip_content": "I am a tooltip"
                            },
                            "elements": [],
                            "isInner": false,
                            "widgetType": "divider",
                            "elType": "widget"
                        },
                        {
                            "id": "31af8a6e",
                            "settings": {
                                "margin": {
                                    "unit": "px",
                                    "top": "-4",
                                    "right": 0,
                                    "bottom": "0",
                                    "left": 0,
                                    "isLinked": false
                                }
                            },
                            "elements": [
                                {
                                    "id": "3bef7af2",
                                    "settings": {
                                        "_column_size": 100,
                                        "_inline_size": null,
                                        "align": "center"
                                    },
                                    "elements": [
                                        {
                                            "id": "7df36214",
                                            "settings": {
                                                "editor": "<p>Copyright \u00a9 2021<\/p>",
                                                "align": "center",
                                                "ha_advanced_tooltip_content": "I am a tooltip",
                                                "_element_width": "auto"
                                            },
                                            "elements": [],
                                            "isInner": false,
                                            "widgetType": "text-editor",
                                            "elType": "widget"
                                        },
                                        {
                                            "id": "1191bc3d",
                                            "settings": {
                                                "editor": "Cripto",
                                                "align": "center",
                                                "_margin": {
                                                    "unit": "px",
                                                    "top": "0",
                                                    "right": "5",
                                                    "bottom": "0",
                                                    "left": "5",
                                                    "isLinked": false
                                                },
                                                "ha_advanced_tooltip_content": "I am a tooltip",
                                                "_element_width": "auto",
                                                "__globals__": {
                                                    "text_color": "globals\/colors?id=secondary",
                                                    "typography_typography": "globals\/typography?id=text"
                                                }
                                            },
                                            "elements": [],
                                            "isInner": false,
                                            "widgetType": "text-editor",
                                            "elType": "widget"
                                        },
                                        {
                                            "id": "3a6b3c07",
                                            "settings": {
                                                "editor": "<p>All rights reserved<\/p>",
                                                "align": "center",
                                                "ha_advanced_tooltip_content": "I am a tooltip",
                                                "_element_width": "auto"
                                            },
                                            "elements": [],
                                            "isInner": false,
                                            "widgetType": "text-editor",
                                            "elType": "widget"
                                        }
                                    ],
                                    "isInner": true,
                                    "elType": "column"
                                }
                            ],
                            "isInner": true,
                            "elType": "section"
                        }
                    ],
                    "isInner": false,
                    "elType": "column"
                }
            ],
            "isInner": false,
            "elType": "section"
        }
    ],
    "page_settings": {
        "ha_grid_zindex": "1000",
        "template": "elementor_canvas"
    }
}