{
    "version": "0.4",
    "title": "Global Kit Styles",
    "type": "section",
    "metadata": {
        "template_type": "global-styles",
        "include_in_zip": "1",
        "elementor_pro_required": null,
        "additional_template_information": [
            "These are the global theme styles configured through the Elementor Theme Styles area."
        ],
        "wp_page_template": "default"
    },
    "content": [],
    "page_settings": {
        "system_colors": [
            {
                "_id": "primary",
                "title": "Primary",
                "color": "#FFFFFF"
            },
            {
                "_id": "secondary",
                "title": "Secondary",
                "color": "#EC5046"
            },
            {
                "_id": "text",
                "title": "Text",
                "color": "#FFFFFF"
            },
            {
                "_id": "accent",
                "title": "Accent",
                "color": "#EC5046"
            }
        ],
        "custom_colors": [
            {
                "_id": "103493d",
                "title": "Pink",
                "color": "#E702BF"
            },
            {
                "_id": "92bfebb",
                "title": "Special",
                "color": "#2DE4C1"
            },
            {
                "_id": "97c0666",
                "title": "Theme BG Color",
                "color": "#300D50"
            },
            {
                "_id": "fba7e5c",
                "title": "Dark Violet",
                "color": "#2B0C47"
            },
            {
                "_id": "3aac61a",
                "title": "Black",
                "color": "#000000"
            }
        ],
        "system_typography": [
            {
                "_id": "primary",
                "title": "Primary",
                "typography_typography": "custom",
                "typography_font_family": "Poppins",
                "typography_font_weight": "700"
            },
            {
                "_id": "secondary",
                "title": "Secondary",
                "typography_typography": "custom",
                "typography_font_family": "Rubik",
                "typography_font_weight": "400"
            },
            {
                "_id": "text",
                "title": "Text",
                "typography_typography": "custom",
                "typography_font_family": "Rubik",
                "typography_font_weight": "400"
            },
            {
                "_id": "accent",
                "title": "Accent",
                "typography_typography": "custom",
                "typography_font_family": "Poppins",
                "typography_font_weight": "600"
            }
        ],
        "custom_typography": [
            {
                "_id": "7a65878",
                "title": "Menu Text",
                "typography_typography": "custom",
                "typography_font_family": "Poppins",
                "typography_font_size": {
                    "unit": "px",
                    "size": 16,
                    "sizes": []
                },
                "typography_font_weight": "600",
                "typography_text_transform": "uppercase"
            },
            {
                "_id": "6bc423e",
                "title": "Hero Text",
                "typography_typography": "custom",
                "typography_font_family": "Rubik",
                "typography_font_size": {
                    "unit": "px",
                    "size": 20,
                    "sizes": []
                },
                "typography_font_size_mobile": {
                    "unit": "px",
                    "size": 16,
                    "sizes": []
                }
            },
            {
                "_id": "354f741",
                "title": "Icon Box Title",
                "typography_typography": "custom",
                "typography_font_family": "Poppins",
                "typography_font_size": {
                    "unit": "px",
                    "size": 20,
                    "sizes": []
                },
                "typography_font_weight": "700"
            },
            {
                "_id": "69dd886",
                "title": "Timer Text",
                "typography_typography": "custom",
                "typography_font_family": "Poppins",
                "typography_font_size": {
                    "unit": "px",
                    "size": 40,
                    "sizes": []
                },
                "typography_font_weight": "600",
                "typography_line_height": {
                    "unit": "em",
                    "size": 1,
                    "sizes": []
                }
            },
            {
                "_id": "bfd1ef6",
                "title": "Small Title",
                "typography_typography": "custom",
                "typography_font_family": "Poppins",
                "typography_font_size": {
                    "unit": "px",
                    "size": 16,
                    "sizes": []
                },
                "typography_font_weight": "600",
                "typography_line_height": {
                    "unit": "em",
                    "size": 1.600000000000000088817841970012523233890533447265625,
                    "sizes": []
                }
            },
            {
                "_id": "9758d28",
                "title": "Small Text",
                "typography_typography": "custom",
                "typography_font_family": "Rubik",
                "typography_font_size": {
                    "unit": "px",
                    "size": 14,
                    "sizes": []
                }
            },
            {
                "_id": "b3f2cab",
                "title": "Team Name",
                "typography_typography": "custom",
                "typography_font_family": "Poppins",
                "typography_font_size": {
                    "unit": "px",
                    "size": 18,
                    "sizes": []
                },
                "typography_font_weight": "700"
            }
        ],
        "default_generic_fonts": "Sans-serif",
        "body_background_background": "classic",
        "page_title_selector": "h1.entry-title",
        "hello_footer_copyright_text": "All rights reserved",
        "activeItemIndex": 1,
        "viewport_md": 768,
        "viewport_lg": 1025,
        "container_width": {
            "unit": "px",
            "size": 1170,
            "sizes": []
        },
        "__globals__": {
            "body_background_color": "globals\/colors?id=97c0666",
            "body_color": "globals\/colors?id=primary",
            "link_normal_color": "globals\/colors?id=primary",
            "h1_color": "globals\/colors?id=primary",
            "h2_color": "globals\/colors?id=primary",
            "h3_color": "globals\/colors?id=primary",
            "h4_color": "globals\/colors?id=primary",
            "h5_color": "globals\/colors?id=primary",
            "h6_color": "globals\/colors?id=primary",
            "button_hover_background_color": "globals\/colors?id=103493d",
            "button_hover_background_color_b": "globals\/colors?id=secondary",
            "button_background_color": "globals\/colors?id=secondary",
            "button_background_color_b": "globals\/colors?id=103493d",
            "button_text_color": "globals\/colors?id=primary",
            "form_field_background_color": "globals\/colors?id=fba7e5c",
            "form_field_text_color": "globals\/colors?id=primary"
        },
        "body_typography_typography": "custom",
        "body_typography_font_family": "Rubik",
        "body_typography_font_size": {
            "unit": "px",
            "size": 16,
            "sizes": []
        },
        "body_typography_font_size_mobile": {
            "unit": "px",
            "size": 14,
            "sizes": []
        },
        "body_typography_font_weight": "400",
        "link_normal_typography_typography": "custom",
        "link_normal_typography_font_family": "Poppins",
        "link_normal_typography_font_size": {
            "unit": "px",
            "size": 16,
            "sizes": []
        },
        "link_normal_typography_font_weight": "600",
        "h1_typography_typography": "custom",
        "h1_typography_font_family": "Poppins",
        "h1_typography_font_size": {
            "unit": "px",
            "size": 48,
            "sizes": []
        },
        "h1_typography_font_size_tablet": {
            "unit": "px",
            "size": 40,
            "sizes": []
        },
        "h1_typography_font_size_mobile": {
            "unit": "px",
            "size": 36,
            "sizes": []
        },
        "h1_typography_font_weight": "700",
        "h1_typography_line_height": {
            "unit": "em",
            "size": 1.399999999999999911182158029987476766109466552734375,
            "sizes": []
        },
        "h1_typography_line_height_tablet": {
            "unit": "em",
            "size": 1.3000000000000000444089209850062616169452667236328125,
            "sizes": []
        },
        "h2_typography_typography": "custom",
        "h2_typography_font_family": "Poppins",
        "h2_typography_font_size": {
            "unit": "px",
            "size": 40,
            "sizes": []
        },
        "h2_typography_font_size_tablet": {
            "unit": "px",
            "size": 36,
            "sizes": []
        },
        "h2_typography_font_size_mobile": {
            "unit": "px",
            "size": 30,
            "sizes": []
        },
        "h2_typography_font_weight": "700",
        "h2_typography_line_height": {
            "unit": "em",
            "size": 1.399999999999999911182158029987476766109466552734375,
            "sizes": []
        },
        "h2_typography_line_height_tablet": {
            "unit": "em",
            "size": 1.3000000000000000444089209850062616169452667236328125,
            "sizes": []
        },
        "h3_typography_typography": "custom",
        "h3_typography_font_family": "Poppins",
        "h3_typography_font_size": {
            "unit": "px",
            "size": 36,
            "sizes": []
        },
        "h3_typography_font_size_tablet": {
            "unit": "px",
            "size": 30,
            "sizes": []
        },
        "h3_typography_font_size_mobile": {
            "unit": "px",
            "size": 24,
            "sizes": []
        },
        "h3_typography_line_height": {
            "unit": "em",
            "size": 1.3000000000000000444089209850062616169452667236328125,
            "sizes": []
        },
        "h4_typography_typography": "custom",
        "h4_typography_font_family": "Poppins",
        "h4_typography_font_size": {
            "unit": "px",
            "size": 30,
            "sizes": []
        },
        "h4_typography_font_size_tablet": {
            "unit": "px",
            "size": 24,
            "sizes": []
        },
        "h4_typography_font_size_mobile": {
            "unit": "px",
            "size": 20,
            "sizes": []
        },
        "h4_typography_font_weight": "700",
        "h4_typography_line_height": {
            "unit": "em",
            "size": 1.3000000000000000444089209850062616169452667236328125,
            "sizes": []
        },
        "h5_typography_typography": "custom",
        "h5_typography_font_family": "Poppins",
        "h5_typography_font_size": {
            "unit": "px",
            "size": 24,
            "sizes": []
        },
        "h5_typography_font_size_tablet": {
            "unit": "px",
            "size": 20,
            "sizes": []
        },
        "h5_typography_font_size_mobile": {
            "unit": "px",
            "size": 18,
            "sizes": []
        },
        "h5_typography_font_weight": "700",
        "h5_typography_line_height": {
            "unit": "em",
            "size": 1.399999999999999911182158029987476766109466552734375,
            "sizes": []
        },
        "h6_typography_typography": "custom",
        "h6_typography_font_family": "Poppins",
        "h6_typography_font_size": {
            "unit": "px",
            "size": 18,
            "sizes": []
        },
        "h6_typography_font_size_tablet": {
            "unit": "px",
            "size": 18,
            "sizes": []
        },
        "h6_typography_font_size_mobile": {
            "unit": "px",
            "size": 16,
            "sizes": []
        },
        "h6_typography_font_weight": "700",
        "h6_typography_line_height": {
            "unit": "em",
            "size": 1.5,
            "sizes": []
        },
        "button_typography_typography": "custom",
        "button_typography_font_family": "Poppins",
        "button_typography_font_size": {
            "unit": "px",
            "size": 16,
            "sizes": []
        },
        "button_typography_font_weight": "600",
        "button_typography_text_transform": "uppercase",
        "button_typography_letter_spacing": {
            "unit": "px",
            "size": 0.25,
            "sizes": []
        },
        "button_background_background": "gradient",
        "button_background_gradient_angle": {
            "unit": "deg",
            "size": 90,
            "sizes": []
        },
        "button_border_radius": {
            "unit": "px",
            "top": "30",
            "right": "30",
            "bottom": "30",
            "left": "30",
            "isLinked": true
        },
        "button_hover_background_background": "gradient",
        "button_padding": {
            "unit": "px",
            "top": "14",
            "right": "30",
            "bottom": "14",
            "left": "30",
            "isLinked": false
        },
        "button_hover_background_gradient_angle": {
            "unit": "deg",
            "size": 90,
            "sizes": []
        },
        "button_hover_background_color_b_stop": {
            "unit": "%",
            "size": 90,
            "sizes": []
        },
        "body_typography_line_height": {
            "unit": "em",
            "size": 2,
            "sizes": []
        },
        "button_typography_font_size_mobile": {
            "unit": "px",
            "size": 16,
            "sizes": []
        },
        "form_field_border_border": "solid",
        "form_field_border_width": {
            "unit": "px",
            "top": "0",
            "right": "0",
            "bottom": "0",
            "left": "0",
            "isLinked": true
        },
        "form_field_border_radius": {
            "unit": "px",
            "top": "30",
            "right": "30",
            "bottom": "30",
            "left": "30",
            "isLinked": true
        },
        "form_field_padding": {
            "unit": "px",
            "top": "10",
            "right": "20",
            "bottom": "10",
            "left": "20",
            "isLinked": false
        }
    }
}