{
    "version": "0.4",
    "title": "Header Section",
    "type": "section",
    "metadata": {
        "template_type": "section-header",
        "include_in_zip": "1",
        "elementor_pro_required": null,
        "wp_page_template": "elementor_canvas"
    },
    "content": [
        {
            "id": "1d5fc049",
            "settings": {
                "structure": "20",
                "animation": "fadeInDown",
                "padding_tablet": {
                    "unit": "px",
                    "top": "10",
                    "right": "30",
                    "bottom": "10",
                    "left": "30",
                    "isLinked": false
                }
            },
            "elements": [
                {
                    "id": "8289122",
                    "settings": {
                        "_column_size": 50,
                        "_inline_size": 20,
                        "content_position": "center",
                        "align": "flex-start",
                        "_inline_size_mobile": 65
                    },
                    "elements": [
                        {
                            "id": "e11fca7",
                            "settings": {
                                "image": {
                                    "url": "https:\/\/kinforce.net\/cripto\/wp-content\/uploads\/2021\/07\/elements-gravitate-letter-g-logo-template-TD5X6QY.png",
                                    "id": 9,
                                    "alt": "",
                                    "source": "library"
                                },
                                "ha_advanced_tooltip_content": "I am a tooltip",
                                "image_size": "full",
                                "align": "left"
                            },
                            "elements": [],
                            "isInner": false,
                            "widgetType": "image",
                            "elType": "widget"
                        }
                    ],
                    "isInner": false,
                    "elType": "column"
                },
                {
                    "id": "1c16feec",
                    "settings": {
                        "_column_size": 50,
                        "_inline_size": 80,
                        "content_position": "center",
                        "align": "flex-end",
                        "_inline_size_mobile": 35
                    },
                    "elements": [
                        {
                            "id": "10469c2e",
                            "settings": {
                                "elementskit_nav_menu": "main-menu",
                                "elementskit_submenu_container_width": "220px",
                                "ha_advanced_tooltip_content": "I am a tooltip",
                                "elementskit_main_menu_position": "elementskit-menu-po-right",
                                "_mask_shape": "sketch",
                                "_element_width": "auto",
                                "__globals__": {
                                    "elementskit_content_typography_typography": "globals\/typography?id=7a65878",
                                    "elementskit_menu_text_color": "globals\/colors?id=primary",
                                    "elementskit_item_color_hover": "globals\/colors?id=103493d",
                                    "elementskit_nav_menu_active_text_color": "globals\/colors?id=accent",
                                    "elementskit_style_tab_submenu_indicator_color": "globals\/colors?id=text",
                                    "elementskit_menu_item_typography_typography": "globals\/typography?id=7a65878",
                                    "elementskit_submenu_item_color": "globals\/colors?id=primary",
                                    "elementskit_item_text_color_hover": "globals\/colors?id=103493d",
                                    "elementskit_nav_sub_menu_active_text_color": "globals\/colors?id=secondary",
                                    "elementskit_menu_item_background_color": "globals\/colors?id=97c0666",
                                    "elementskit_submenu_container_background_color": "globals\/colors?id=fba7e5c",
                                    "elementskit_menu_close_icon_color": "globals\/colors?id=primary",
                                    "elementskit_menu_toggle_icon_color": "globals\/colors?id=primary",
                                    "wrapper_color_mobile_tablet": "globals\/colors?id=97c0666",
                                    "elementskit_menu_text_color_tablet": "globals\/colors?id=primary"
                                },
                                "elementskit_menubar_height": {
                                    "unit": "px",
                                    "size": 90,
                                    "sizes": []
                                },
                                "elementskit_submenu_item_spacing": {
                                    "unit": "px",
                                    "top": "10",
                                    "right": "15",
                                    "bottom": "10",
                                    "left": "30",
                                    "isLinked": false
                                },
                                "elementskit_menu_item_background_hover_background": "classic",
                                "elementskit_menu_item_background_hover_color": "#02010100",
                                "elementskit_nav_sub_menu_active_bg_color_background": "classic",
                                "elementskit_nav_sub_menu_active_bg_color_color": "#00000000",
                                "elementskit_panel_submenu_border_border": "solid",
                                "elementskit_panel_submenu_border_width": {
                                    "unit": "px",
                                    "top": "0",
                                    "right": "0",
                                    "bottom": "0",
                                    "left": "0",
                                    "isLinked": true
                                },
                                "elementskit_submenu_container_background_background": "classic",
                                "elementskit_submenu_panel_border_radius": {
                                    "unit": "px",
                                    "top": "20",
                                    "right": "20",
                                    "bottom": "20",
                                    "left": "20",
                                    "isLinked": true
                                },
                                "elementskit_nav_menu_logo": {
                                    "url": "https:\/\/kinforce.net\/cripto\/wp-content\/uploads\/2021\/07\/elements-gravitate-letter-g-logo-template-TD5X6QY.png",
                                    "id": 9,
                                    "alt": "",
                                    "source": "library"
                                },
                                "elementskit_hamburger_icon": {
                                    "value": "icon icon-menu-button",
                                    "library": "ekiticons"
                                },
                                "elementskit_mobile_menu_panel_spacing_tablet": {
                                    "unit": "px",
                                    "top": "10",
                                    "right": "10",
                                    "bottom": "0",
                                    "left": "10",
                                    "isLinked": false
                                },
                                "elementskit_menu_toggle_border_radius_tablet": {
                                    "unit": "px",
                                    "size": 10,
                                    "sizes": []
                                },
                                "elementskit_menu_open_typography_tablet": {
                                    "unit": "px",
                                    "size": 20,
                                    "sizes": []
                                }
                            },
                            "elements": [],
                            "isInner": false,
                            "widgetType": "ekit-nav-menu",
                            "elType": "widget"
                        },
                        {
                            "id": "40ea8dd2",
                            "settings": {
                                "text": "Buy Token",
                                "_margin": {
                                    "unit": "px",
                                    "top": "0",
                                    "right": "0",
                                    "bottom": "0",
                                    "left": "20",
                                    "isLinked": false
                                },
                                "ha_advanced_tooltip_content": "I am a tooltip",
                                "_element_width": "auto",
                                "_element_width_mobile": "initial",
                                "hide_mobile": "hidden-phone"
                            },
                            "elements": [],
                            "isInner": false,
                            "widgetType": "button",
                            "elType": "widget"
                        }
                    ],
                    "isInner": false,
                    "elType": "column"
                }
            ],
            "isInner": false,
            "elType": "section"
        }
    ],
    "page_settings": {
        "ha_grid_zindex": "1000",
        "template": "elementor_canvas"
    }
}