{
    "version": "0.4",
    "title": "Hero Image Section",
    "type": "section",
    "metadata": {
        "template_type": "section-hero",
        "include_in_zip": "1",
        "elementor_pro_required": null,
        "wp_page_template": "elementor_canvas"
    },
    "content": [
        {
            "id": "5cf35ad3",
            "settings": {
                "height": "min-height",
                "custom_height": {
                    "unit": "px",
                    "size": 970,
                    "sizes": []
                },
                "background_background": "classic",
                "background_image": {
                    "url": "https:\/\/kinforce.net\/cripto\/wp-content\/uploads\/2021\/08\/cryptocurrency-exchange-market.jpg",
                    "id": 104,
                    "alt": "",
                    "source": "library"
                },
                "background_position": "center right",
                "background_repeat": "no-repeat",
                "background_size": "cover",
                "structure": "20",
                "animation": "fadeIn",
                "custom_height_tablet": {
                    "unit": "px",
                    "size": 500,
                    "sizes": []
                },
                "background_position_tablet": "center center",
                "padding_tablet": {
                    "unit": "px",
                    "top": "0",
                    "right": "30",
                    "bottom": "0",
                    "left": "30",
                    "isLinked": false
                },
                "padding_mobile": {
                    "unit": "px",
                    "top": "50",
                    "right": "30",
                    "bottom": "50",
                    "left": "30",
                    "isLinked": false
                }
            },
            "elements": [
                {
                    "id": "120f4ee",
                    "settings": {
                        "_column_size": 50,
                        "_inline_size": 42,
                        "content_position": "center",
                        "_inline_size_tablet": 67,
                        "margin_mobile": {
                            "unit": "px",
                            "top": "0",
                            "right": "0",
                            "bottom": "0",
                            "left": "0",
                            "isLinked": false
                        }
                    },
                    "elements": [
                        {
                            "id": "5b1f35af",
                            "settings": {
                                "title": "Buy and Sell\nDigital Currency",
                                "header_size": "h1",
                                "_animation": "fadeInDown",
                                "_animation_delay": 100,
                                "ha_advanced_tooltip_content": "I am a tooltip"
                            },
                            "elements": [],
                            "isInner": false,
                            "widgetType": "heading",
                            "elType": "widget"
                        },
                        {
                            "id": "511101e",
                            "settings": {
                                "title": "Trade crypto like it's meant to be",
                                "header_size": "h5",
                                "__globals__": {
                                    "title_color": "globals\/colors?id=92bfebb"
                                },
                                "_margin": {
                                    "unit": "px",
                                    "top": "-5",
                                    "right": "0",
                                    "bottom": "0",
                                    "left": "0",
                                    "isLinked": false
                                },
                                "_animation": "fadeInUp",
                                "_animation_delay": 200,
                                "ha_advanced_tooltip_content": "I am a tooltip"
                            },
                            "elements": [],
                            "isInner": false,
                            "widgetType": "heading",
                            "elType": "widget"
                        },
                        {
                            "id": "1147b3f0",
                            "settings": {
                                "editor": "<p>Cras et ligula ac risus interdum congue, fusce odio efficitur, libero nec mollis scelerisque, arcu.<\/p>",
                                "__globals__": {
                                    "typography_typography": "globals\/typography?id=6bc423e"
                                },
                                "_margin": {
                                    "unit": "px",
                                    "top": "10",
                                    "right": "0",
                                    "bottom": "0",
                                    "left": "0",
                                    "isLinked": false
                                },
                                "_animation": "fadeInUp",
                                "_animation_delay": 300,
                                "ha_advanced_tooltip_content": "I am a tooltip"
                            },
                            "elements": [],
                            "isInner": false,
                            "widgetType": "text-editor",
                            "elType": "widget"
                        },
                        {
                            "id": "6c2418a7",
                            "settings": {
                                "text": "Start Trading Now",
                                "_margin": {
                                    "unit": "px",
                                    "top": "5",
                                    "right": "0",
                                    "bottom": "0",
                                    "left": "0",
                                    "isLinked": false
                                },
                                "_animation": "rotateInUpLeft",
                                "_animation_delay": 400,
                                "_element_width": "auto",
                                "_element_width_mobile": "inherit",
                                "ha_advanced_tooltip_content": "I am a tooltip"
                            },
                            "elements": [],
                            "isInner": false,
                            "widgetType": "button",
                            "elType": "widget"
                        },
                        {
                            "id": "597e1f7e",
                            "settings": {
                                "ekit_video_popup_button_title": "Play Video",
                                "ekit_video_popup_url": "https:\/\/www.youtube.com\/watch?v=1MTkZPys7mU",
                                "ekit_video_popup_icon_size": {
                                    "unit": "px",
                                    "size": 21,
                                    "sizes": []
                                },
                                "ekit_video_popup_btn_width": {
                                    "unit": "px",
                                    "size": 45,
                                    "sizes": []
                                },
                                "ekit_video_popup_btn_height": {
                                    "unit": "px",
                                    "size": 45,
                                    "sizes": []
                                },
                                "ekit_video_popup_btn_line_height": {
                                    "unit": "px",
                                    "size": 31,
                                    "sizes": []
                                },
                                "ekit_video_popup_btn_bg_color_background": "gradient",
                                "_margin": {
                                    "unit": "px",
                                    "top": "0",
                                    "right": "0",
                                    "bottom": "0",
                                    "left": "20",
                                    "isLinked": false
                                },
                                "_margin_mobile": {
                                    "unit": "px",
                                    "top": "30",
                                    "right": "0",
                                    "bottom": "0",
                                    "left": "0",
                                    "isLinked": false
                                },
                                "_animation": "rotateInUpRight",
                                "_animation_delay": 800,
                                "_element_width": "auto",
                                "__globals__": {
                                    "ekit_video_popup_btn_glow_color": "globals\/colors?id=secondary",
                                    "ekit_video_popup_btn_bg_color_color": "globals\/colors?id=secondary",
                                    "ekit_video_popup_btn_bg_color_color_b": "globals\/colors?id=103493d"
                                },
                                "_margin_tablet": {
                                    "unit": "px",
                                    "top": "0",
                                    "right": "0",
                                    "bottom": "0",
                                    "left": "12",
                                    "isLinked": false
                                },
                                "ha_advanced_tooltip_content": "I am a tooltip",
                                "ekit_video_popup_btn_bg_color_gradient_angle": {
                                    "unit": "deg",
                                    "size": 90,
                                    "sizes": []
                                }
                            },
                            "elements": [],
                            "isInner": false,
                            "widgetType": "elementskit-video",
                            "elType": "widget"
                        },
                        {
                            "id": "28bd2200",
                            "settings": {
                                "title": "PRESENTATION",
                                "header_size": "h6",
                                "_margin": {
                                    "unit": "px",
                                    "top": "0",
                                    "right": "0",
                                    "bottom": "0",
                                    "left": "20",
                                    "isLinked": false
                                },
                                "_margin_mobile": {
                                    "unit": "px",
                                    "top": "30",
                                    "right": "0",
                                    "bottom": "0",
                                    "left": "20",
                                    "isLinked": false
                                },
                                "_animation": "rotateInUpRight",
                                "_animation_delay": 400,
                                "_element_width": "auto",
                                "__globals__": {
                                    "typography_typography": "globals\/typography?id=accent"
                                },
                                "ha_advanced_tooltip_content": "I am a tooltip",
                                "link": {
                                    "url": "#",
                                    "is_external": "",
                                    "nofollow": "",
                                    "custom_attributes": ""
                                }
                            },
                            "elements": [],
                            "isInner": false,
                            "widgetType": "heading",
                            "elType": "widget"
                        }
                    ],
                    "isInner": false,
                    "elType": "column"
                },
                {
                    "id": "6d3771e7",
                    "settings": {
                        "_column_size": 50,
                        "_inline_size": 58,
                        "hide_tablet": "hidden-tablet",
                        "hide_mobile": "hidden-phone"
                    },
                    "elements": [],
                    "isInner": false,
                    "elType": "column"
                }
            ],
            "isInner": false,
            "elType": "section"
        }
    ],
    "page_settings": {
        "ha_grid_zindex": "1000",
        "template": "elementor_canvas"
    }
}