{
    "version": "0.4",
    "title": "ICO Start Timer Section",
    "type": "section",
    "metadata": {
        "template_type": "section-countdown",
        "include_in_zip": "1",
        "elementor_pro_required": null,
        "wp_page_template": "elementor_canvas"
    },
    "content": [
        {
            "id": "3f131aa2",
            "settings": {
                "structure": "20",
                "background_background": "classic",
                "background_image": {
                    "url": "https:\/\/kinforce.net\/cripto\/wp-content\/uploads\/2021\/08\/investment-stockbroker-stock-trading-TR5GP7U.jpg",
                    "id": 168,
                    "alt": "",
                    "source": "library"
                },
                "background_position": "center center",
                "background_attachment": "fixed",
                "background_repeat": "no-repeat",
                "background_size": "cover",
                "background_overlay_background": "classic",
                "background_overlay_opacity": {
                    "unit": "px",
                    "size": 0.84999999999999997779553950749686919152736663818359375,
                    "sizes": []
                },
                "margin": {
                    "unit": "px",
                    "top": "110",
                    "right": 0,
                    "bottom": "0",
                    "left": 0,
                    "isLinked": false
                },
                "padding": {
                    "unit": "px",
                    "top": "110",
                    "right": "0",
                    "bottom": "80",
                    "left": "0",
                    "isLinked": false
                },
                "__globals__": {
                    "background_overlay_color": "globals\/colors?id=97c0666"
                },
                "margin_mobile": {
                    "unit": "px",
                    "top": "80",
                    "right": 0,
                    "bottom": "0",
                    "left": 0,
                    "isLinked": false
                },
                "padding_tablet": {
                    "unit": "px",
                    "top": "80",
                    "right": "30",
                    "bottom": "80",
                    "left": "30",
                    "isLinked": false
                },
                "padding_mobile": {
                    "unit": "px",
                    "top": "60",
                    "right": "30",
                    "bottom": "60",
                    "left": "30",
                    "isLinked": false
                }
            },
            "elements": [
                {
                    "id": "2c9a62b7",
                    "settings": {
                        "_column_size": 50,
                        "_inline_size": null,
                        "content_position": "center"
                    },
                    "elements": [
                        {
                            "id": "18ba2d10",
                            "settings": {
                                "image": {
                                    "url": "https:\/\/kinforce.net\/cripto\/wp-content\/uploads\/2021\/08\/freepik-isometric-glowing-business-analytics-icons-set.png",
                                    "id": 172,
                                    "alt": "",
                                    "source": "library"
                                },
                                "image_size": "full",
                                "ha_advanced_tooltip_content": "I am a tooltip",
                                "_animation": "fadeInLeft"
                            },
                            "elements": [],
                            "isInner": false,
                            "widgetType": "image",
                            "elType": "widget"
                        }
                    ],
                    "isInner": false,
                    "elType": "column"
                },
                {
                    "id": "7365c60",
                    "settings": {
                        "_column_size": 50,
                        "_inline_size": null,
                        "padding": {
                            "unit": "px",
                            "top": "40",
                            "right": "0",
                            "bottom": "0",
                            "left": "0",
                            "isLinked": false
                        },
                        "align_mobile": "center",
                        "padding_tablet": {
                            "unit": "px",
                            "top": "0",
                            "right": "0",
                            "bottom": "0",
                            "left": "0",
                            "isLinked": false
                        },
                        "padding_mobile": {
                            "unit": "px",
                            "top": "30",
                            "right": "0",
                            "bottom": "0",
                            "left": "0",
                            "isLinked": false
                        }
                    },
                    "elements": [
                        {
                            "id": "471e3fbf",
                            "settings": {
                                "title": "ICO Starts in",
                                "ha_advanced_tooltip_content": "I am a tooltip",
                                "_animation": "fadeInDown",
                                "align_mobile": "center"
                            },
                            "elements": [],
                            "isInner": false,
                            "widgetType": "heading",
                            "elType": "widget"
                        },
                        {
                            "id": "34e78534",
                            "settings": {
                                "title": "Token Will Starts on Dec 3rd 2021",
                                "header_size": "h5",
                                "ha_advanced_tooltip_content": "I am a tooltip",
                                "__globals__": {
                                    "title_color": "globals\/colors?id=92bfebb"
                                },
                                "_margin": {
                                    "unit": "px",
                                    "top": "-8",
                                    "right": "0",
                                    "bottom": "0",
                                    "left": "0",
                                    "isLinked": false
                                },
                                "_animation": "fadeInUp",
                                "_animation_delay": 100,
                                "align_mobile": "center"
                            },
                            "elements": [],
                            "isInner": false,
                            "widgetType": "heading",
                            "elType": "widget"
                        },
                        {
                            "id": "2c5f8d02",
                            "settings": {
                                "ekit_countdown_timer_due_time": "2021-12-03 00:00",
                                "ekit_countdown_timer_weeks_label": "Weeks",
                                "ekit_countdown_timer_days_label": "Days",
                                "ekit_countdown_timer_hours_label": "Hours",
                                "ekit_countdown_timer_minutes_hours_label": "Minutes",
                                "ekit_countdown_timer_seconds_hours_label": "Seconds",
                                "ekit_countdown_timer_title": "Countdown is finished!",
                                "ekit_countdown_timer_expiry_content": "Lorem Ipsum is simply dummy text of the printing and typesetting industry. Lorem Ipsum has been the industry&#039;s standard dummy text ever since the 1500s",
                                "ekit_countdown_timer_days_width": {
                                    "unit": "px",
                                    "size": 100,
                                    "sizes": []
                                },
                                "ekit_countdown_timer_days__line_height": {
                                    "unit": "px",
                                    "size": 0,
                                    "sizes": []
                                },
                                "ekit_countdown_timer_days_digits_margin_bottom": {
                                    "unit": "px",
                                    "size": 25,
                                    "sizes": []
                                },
                                "ekit_countdown_timer_days_background_group_background": "classic",
                                "ekit_countdown_timer_days_background_group_color": "#02010100",
                                "ekit_countdown_timer_hours_digits_margin_bottom": {
                                    "unit": "px",
                                    "size": 25,
                                    "sizes": []
                                },
                                "ekit_countdown_timer_hours_background_background": "classic",
                                "ekit_countdown_timer_hours_background_color": "#02010100",
                                "ekit_countdown_timer_minutes_digits_margin_bottom": {
                                    "unit": "px",
                                    "size": 25,
                                    "sizes": []
                                },
                                "ekit_countdown_timer_minutes_background_background": "classic",
                                "ekit_countdown_timer_minutes_background_color": "#02010100",
                                "ekit_countdown_timer_seconds_digits_margin_bottom": {
                                    "unit": "px",
                                    "size": 25,
                                    "sizes": []
                                },
                                "ekit_countdown_timer_seconds_background_background": "classic",
                                "ekit_countdown_timer_seconds_background_color": "#02010100",
                                "_margin": {
                                    "unit": "px",
                                    "top": "25",
                                    "right": "0",
                                    "bottom": "0",
                                    "left": "0",
                                    "isLinked": false
                                },
                                "_padding": {
                                    "unit": "px",
                                    "top": "0",
                                    "right": "0",
                                    "bottom": "10",
                                    "left": "0",
                                    "isLinked": false
                                },
                                "ha_advanced_tooltip_content": "I am a tooltip",
                                "_background_background": "classic",
                                "_background_color": "#00000033",
                                "_border_radius": {
                                    "unit": "px",
                                    "top": "20",
                                    "right": "20",
                                    "bottom": "20",
                                    "left": "20",
                                    "isLinked": true
                                },
                                "__globals__": {
                                    "_background_color": "",
                                    "ekit_countdown_timer_days_label_typography_group_typography": "globals\/typography?id=6bc423e",
                                    "ekit_countdown_timer_hours_label_typography_group_typography": "globals\/typography?id=6bc423e",
                                    "ekit_countdown_timer_minutes_label_typography_group_typography": "globals\/typography?id=6bc423e",
                                    "ekit_countdown_timer_seconds_label_typography_group_typography": "globals\/typography?id=6bc423e",
                                    "ekit_countdown_timer_days_digits_typography_group_typography": "globals\/typography?id=69dd886",
                                    "ekit_countdown_timer_hours_digits_typography_group_typography": "globals\/typography?id=69dd886",
                                    "ekit_countdown_timer_minutes_digits_typography_group_typography": "globals\/typography?id=69dd886",
                                    "ekit_countdown_timer_seconds_digits_typography_group_typography": "globals\/typography?id=69dd886"
                                },
                                "_animation": "fadeInUp",
                                "_animation_delay": 200,
                                "ekit_countdown_timer_days_width_mobile": {
                                    "unit": "px",
                                    "size": 260,
                                    "sizes": []
                                },
                                "ekit_countdown_timer_days_height_tablet": {
                                    "unit": "px",
                                    "size": 90,
                                    "sizes": []
                                },
                                "ekit_countdown_timer_content_margin_bottom_tablet": {
                                    "unit": "px",
                                    "size": 0,
                                    "sizes": []
                                },
                                "_padding_tablet": {
                                    "unit": "px",
                                    "top": "30",
                                    "right": "0",
                                    "bottom": "20",
                                    "left": "0",
                                    "isLinked": false
                                }
                            },
                            "elements": [],
                            "isInner": false,
                            "widgetType": "elementskit-countdown-timer",
                            "elType": "widget"
                        },
                        {
                            "id": "74fe0e08",
                            "settings": {
                                "title": "$46,345,789",
                                "header_size": "h3",
                                "_margin": {
                                    "unit": "px",
                                    "top": "20",
                                    "right": "0",
                                    "bottom": "0",
                                    "left": "0",
                                    "isLinked": false
                                },
                                "ha_advanced_tooltip_content": "I am a tooltip",
                                "_animation": "fadeInUp",
                                "_animation_delay": 300,
                                "_element_width": "auto",
                                "align_mobile": "center"
                            },
                            "elements": [],
                            "isInner": false,
                            "widgetType": "heading",
                            "elType": "widget"
                        },
                        {
                            "id": "75c9098e",
                            "settings": {
                                "title": "contribution received",
                                "header_size": "h5",
                                "_margin": {
                                    "unit": "px",
                                    "top": "30",
                                    "right": "0",
                                    "bottom": "0",
                                    "left": "20",
                                    "isLinked": false
                                },
                                "ha_advanced_tooltip_content": "I am a tooltip",
                                "_animation": "fadeInUp",
                                "_animation_delay": 300,
                                "_element_width": "auto",
                                "_margin_tablet": {
                                    "unit": "px",
                                    "top": "15",
                                    "right": "0",
                                    "bottom": "0",
                                    "left": "0",
                                    "isLinked": false
                                }
                            },
                            "elements": [],
                            "isInner": false,
                            "widgetType": "heading",
                            "elType": "widget"
                        }
                    ],
                    "isInner": false,
                    "elType": "column"
                }
            ],
            "isInner": false,
            "elType": "section"
        }
    ],
    "page_settings": {
        "ha_grid_zindex": "1000",
        "template": "elementor_canvas"
    }
}