{
    "version": "0.4",
    "title": "Metform \u2013 Contact",
    "type": "section",
    "metadata": {
        "template_type": "section-other",
        "include_in_zip": "1",
        "elementor_pro_required": null,
        "wp_page_template": "elementor_canvas"
    },
    "content": [
        {
            "id": "4e996741",
            "settings": {
                "gap": "no",
                "box_shadow_box_shadow": {
                    "horizontal": 30,
                    "vertical": 30,
                    "blur": 80,
                    "spread": 0,
                    "color": "rgba(0,0,0,0.1)"
                },
                "background_color": "#ffffff",
                "border_radius": {
                    "unit": "px",
                    "top": "0",
                    "right": "0",
                    "bottom": "0",
                    "left": "0",
                    "isLinked": true
                },
                "padding_tablet": {
                    "unit": "px",
                    "top": "33",
                    "right": "15",
                    "bottom": "35",
                    "left": "15",
                    "isLinked": false
                }
            },
            "elements": [
                {
                    "id": "1a07d50c",
                    "settings": {
                        "_column_size": 100,
                        "_inline_size": null
                    },
                    "elements": [
                        {
                            "id": "9638e0c",
                            "settings": {
                                "gap": "extended",
                                "structure": "20"
                            },
                            "elements": [
                                {
                                    "id": "65fe47dd",
                                    "settings": {
                                        "_column_size": 50,
                                        "_inline_size": null,
                                        "space_between_widgets": 0,
                                        "margin": {
                                            "unit": "px",
                                            "top": "0",
                                            "right": "0",
                                            "bottom": "0",
                                            "left": "-10",
                                            "isLinked": false
                                        }
                                    },
                                    "elements": [
                                        {
                                            "id": "136421f4",
                                            "settings": {
                                                "mf_input_label": "First Name",
                                                "mf_input_name": "mf-first-name",
                                                "mf_input_placeholder": "First Name",
                                                "mf_input_label_typography_typography": "custom",
                                                "mf_input_label_typography_font_family": "Helvetica",
                                                "mf_input_label_typography_font_size": {
                                                    "unit": "px",
                                                    "size": 18,
                                                    "sizes": []
                                                },
                                                "mf_input_label_typography_font_weight": "500",
                                                "mf_input_label_typography_line_height": {
                                                    "unit": "px",
                                                    "size": 21,
                                                    "sizes": []
                                                },
                                                "mf_input_min_length": 1,
                                                "mf_input_label_color": "#101010",
                                                "mf_input_label_margin": {
                                                    "unit": "px",
                                                    "top": "0",
                                                    "right": "0",
                                                    "bottom": "5",
                                                    "left": "0",
                                                    "isLinked": false
                                                },
                                                "mf_input_padding": {
                                                    "unit": "px",
                                                    "top": "18",
                                                    "right": "25",
                                                    "bottom": "17",
                                                    "left": "25",
                                                    "isLinked": false
                                                },
                                                "mf_input_border_width": {
                                                    "unit": "px",
                                                    "top": "1",
                                                    "right": "1",
                                                    "bottom": "1",
                                                    "left": "1",
                                                    "isLinked": true
                                                },
                                                "mf_input_border_color": "#ededed",
                                                "mf_input_typgraphy_typography": "custom",
                                                "mf_input_typgraphy_font_family": "Helvetica",
                                                "mf_input_typgraphy_font_size": {
                                                    "unit": "px",
                                                    "size": 14,
                                                    "sizes": []
                                                },
                                                "mf_input_typgraphy_font_weight": "400",
                                                "mf_input_typgraphy_line_height": {
                                                    "unit": "px",
                                                    "size": 15,
                                                    "sizes": []
                                                },
                                                "mf_input_border_radius": {
                                                    "unit": "px",
                                                    "size": 30,
                                                    "sizes": []
                                                },
                                                "mf_input_box_shadow_box_shadow": {
                                                    "horizontal": 0,
                                                    "vertical": 3,
                                                    "blur": 5,
                                                    "spread": 0,
                                                    "color": "rgba(0,0,0,0.05)"
                                                },
                                                "mf_input_place_holder_typography_typography": "custom",
                                                "mf_input_place_holder_typography_font_family": "Helvetica",
                                                "mf_input_place_holder_typography_font_weight": "400",
                                                "mf_input_placeholder_color": "#999999",
                                                "mf_input_help_text_typography_typography": "custom",
                                                "mf_input_help_text_typography_font_family": "Helvetica",
                                                "mf_input_help_text_typography_font_size": {
                                                    "unit": "px",
                                                    "size": 12,
                                                    "sizes": []
                                                },
                                                "mf_input_help_text_typography_font_weight": "400",
                                                "mf_input_help_text_typography_font_style": "italic",
                                                "mf_input_help_text_typography_line_height": {
                                                    "unit": "px",
                                                    "size": 14,
                                                    "sizes": []
                                                },
                                                "mf_input_help_text_padding": {
                                                    "unit": "px",
                                                    "top": "3",
                                                    "right": "0",
                                                    "bottom": "0",
                                                    "left": "0",
                                                    "isLinked": false
                                                },
                                                "mf_input_required": "yes",
                                                "mf_input_required_indicator_color": "#FF0000",
                                                "mf_input_validation_warning_message": "This field is required.",
                                                "mf_input_help_text_color": "#555555",
                                                "mf_input_label_status": "",
                                                "ha_advanced_tooltip_content": "I am a tooltip",
                                                "__globals__": {
                                                    "mf_input_color": "globals\/colors?id=primary",
                                                    "mf_input_color_focus": "globals\/colors?id=primary",
                                                    "mf_input_color_hover": "globals\/colors?id=primary",
                                                    "mf_input_background_color": "globals\/colors?id=97c0666"
                                                },
                                                "mf_input_background_background": "classic"
                                            },
                                            "elements": [],
                                            "isInner": false,
                                            "widgetType": "mf-text",
                                            "elType": "widget"
                                        }
                                    ],
                                    "isInner": true,
                                    "elType": "column"
                                },
                                {
                                    "id": "21068102",
                                    "settings": {
                                        "_column_size": 50,
                                        "_inline_size": null,
                                        "margin": {
                                            "unit": "px",
                                            "top": "0",
                                            "right": "0",
                                            "bottom": "0",
                                            "left": "-10",
                                            "isLinked": false
                                        }
                                    },
                                    "elements": [
                                        {
                                            "id": "1fc3deb8",
                                            "settings": {
                                                "mf_input_label": "Last Name",
                                                "mf_input_name": "mf-last-name",
                                                "mf_input_placeholder": "Last Name",
                                                "mf_input_label_color": "#101010",
                                                "mf_input_label_typography_typography": "custom",
                                                "mf_input_label_typography_font_family": "Helvetica",
                                                "mf_input_label_typography_font_size": {
                                                    "unit": "px",
                                                    "size": 18,
                                                    "sizes": []
                                                },
                                                "mf_input_label_typography_font_weight": "500",
                                                "mf_input_label_typography_line_height": {
                                                    "unit": "px",
                                                    "size": 21,
                                                    "sizes": []
                                                },
                                                "mf_input_label_margin": {
                                                    "unit": "px",
                                                    "top": "0",
                                                    "right": "0",
                                                    "bottom": "5",
                                                    "left": "0",
                                                    "isLinked": false
                                                },
                                                "mf_input_padding": {
                                                    "unit": "px",
                                                    "top": "18",
                                                    "right": "25",
                                                    "bottom": "17",
                                                    "left": "25",
                                                    "isLinked": false
                                                },
                                                "mf_input_border_width": {
                                                    "unit": "px",
                                                    "top": "1",
                                                    "right": "1",
                                                    "bottom": "1",
                                                    "left": "1",
                                                    "isLinked": true
                                                },
                                                "mf_input_border_color": "#ededed",
                                                "mf_input_typgraphy_typography": "custom",
                                                "mf_input_typgraphy_font_family": "Helvetica",
                                                "mf_input_typgraphy_font_size": {
                                                    "unit": "px",
                                                    "size": 14,
                                                    "sizes": []
                                                },
                                                "mf_input_typgraphy_font_weight": "400",
                                                "mf_input_typgraphy_line_height": {
                                                    "unit": "px",
                                                    "size": 15,
                                                    "sizes": []
                                                },
                                                "mf_input_border_radius": {
                                                    "unit": "px",
                                                    "size": 30,
                                                    "sizes": []
                                                },
                                                "mf_input_box_shadow_box_shadow": {
                                                    "horizontal": 0,
                                                    "vertical": 3,
                                                    "blur": 5,
                                                    "spread": 0,
                                                    "color": "rgba(0,0,0,0.05)"
                                                },
                                                "mf_input_place_holder_typography_typography": "custom",
                                                "mf_input_place_holder_typography_font_family": "Helvetica",
                                                "mf_input_place_holder_typography_font_weight": "400",
                                                "mf_input_placeholder_color": "#999999",
                                                "mf_input_help_text_typography_typography": "custom",
                                                "mf_input_help_text_typography_font_family": "Helvetica",
                                                "mf_input_help_text_typography_font_size": {
                                                    "unit": "px",
                                                    "size": 12,
                                                    "sizes": []
                                                },
                                                "mf_input_help_text_typography_font_weight": "400",
                                                "mf_input_help_text_typography_font_style": "italic",
                                                "mf_input_help_text_typography_line_height": {
                                                    "unit": "px",
                                                    "size": 14,
                                                    "sizes": []
                                                },
                                                "mf_input_help_text_padding": {
                                                    "unit": "px",
                                                    "top": "3",
                                                    "right": "0",
                                                    "bottom": "0",
                                                    "left": "0",
                                                    "isLinked": false
                                                },
                                                "mf_input_required": "yes",
                                                "mf_input_required_indicator_color": "#FF0000",
                                                "mf_input_validation_warning_message": "This field is required.",
                                                "mf_input_help_text_color": "#555555",
                                                "mf_input_label_status": "",
                                                "ha_advanced_tooltip_content": "I am a tooltip",
                                                "__globals__": {
                                                    "mf_input_color": "globals\/colors?id=primary",
                                                    "mf_input_color_hover": "globals\/colors?id=primary",
                                                    "mf_input_color_focus": "globals\/colors?id=primary",
                                                    "mf_input_background_color": "globals\/colors?id=97c0666"
                                                },
                                                "mf_input_background_background": "classic"
                                            },
                                            "elements": [],
                                            "isInner": false,
                                            "widgetType": "mf-text",
                                            "elType": "widget"
                                        }
                                    ],
                                    "isInner": true,
                                    "elType": "column"
                                }
                            ],
                            "isInner": true,
                            "elType": "section"
                        },
                        {
                            "id": "ecafc67",
                            "settings": {
                                "gap": "extended"
                            },
                            "elements": [
                                {
                                    "id": "5b462eb9",
                                    "settings": {
                                        "_column_size": 100,
                                        "_inline_size": null,
                                        "space_between_widgets": 0,
                                        "margin": {
                                            "unit": "px",
                                            "top": "0",
                                            "right": "0",
                                            "bottom": "0",
                                            "left": "-10",
                                            "isLinked": false
                                        }
                                    },
                                    "elements": [
                                        {
                                            "id": "7afbfe56",
                                            "settings": {
                                                "mf_input_label": "Email Address",
                                                "mf_input_name": "mf-email",
                                                "mf_input_placeholder": "Email Address",
                                                "mf_input_required": "yes",
                                                "mf_input_label_color": "#101010",
                                                "mf_input_label_typography_typography": "custom",
                                                "mf_input_label_typography_font_family": "Helvetica",
                                                "mf_input_label_typography_font_size": {
                                                    "unit": "px",
                                                    "size": 18,
                                                    "sizes": []
                                                },
                                                "mf_input_label_typography_font_weight": "500",
                                                "mf_input_label_typography_line_height": {
                                                    "unit": "px",
                                                    "size": 21,
                                                    "sizes": []
                                                },
                                                "mf_input_label_margin": {
                                                    "unit": "px",
                                                    "top": "0",
                                                    "right": "0",
                                                    "bottom": "5",
                                                    "left": "0",
                                                    "isLinked": false
                                                },
                                                "mf_input_required_indicator_color": "#FF0000",
                                                "mf_input_padding": {
                                                    "unit": "px",
                                                    "top": "18",
                                                    "right": "25",
                                                    "bottom": "17",
                                                    "left": "25",
                                                    "isLinked": false
                                                },
                                                "mf_input_border_width": {
                                                    "unit": "px",
                                                    "top": "1",
                                                    "right": "1",
                                                    "bottom": "1",
                                                    "left": "1",
                                                    "isLinked": true
                                                },
                                                "mf_input_border_color": "#ededed",
                                                "mf_input_typgraphy_typography": "custom",
                                                "mf_input_typgraphy_font_family": "Helvetica",
                                                "mf_input_typgraphy_font_size": {
                                                    "unit": "px",
                                                    "size": 14,
                                                    "sizes": []
                                                },
                                                "mf_input_typgraphy_font_weight": "400",
                                                "mf_input_typgraphy_line_height": {
                                                    "unit": "px",
                                                    "size": 15,
                                                    "sizes": []
                                                },
                                                "mf_input_border_radius": {
                                                    "unit": "px",
                                                    "size": 30,
                                                    "sizes": []
                                                },
                                                "mf_input_box_shadow_box_shadow": {
                                                    "horizontal": 0,
                                                    "vertical": 3,
                                                    "blur": 5,
                                                    "spread": 0,
                                                    "color": "rgba(0,0,0,0.05)"
                                                },
                                                "mf_input_place_holder_typography_typography": "custom",
                                                "mf_input_place_holder_typography_font_family": "Helvetica",
                                                "mf_input_place_holder_typography_font_weight": "400",
                                                "mf_input_placeholder_color": "#999999",
                                                "mf_input_help_text_typography_typography": "custom",
                                                "mf_input_help_text_typography_font_family": "Helvetica",
                                                "mf_input_help_text_typography_font_size": {
                                                    "unit": "px",
                                                    "size": 12,
                                                    "sizes": []
                                                },
                                                "mf_input_help_text_typography_font_weight": "400",
                                                "mf_input_help_text_typography_font_style": "italic",
                                                "mf_input_help_text_typography_line_height": {
                                                    "unit": "px",
                                                    "size": 14,
                                                    "sizes": []
                                                },
                                                "mf_input_help_text_padding": {
                                                    "unit": "px",
                                                    "top": "3",
                                                    "right": "0",
                                                    "bottom": "0",
                                                    "left": "0",
                                                    "isLinked": false
                                                },
                                                "mf_input_validation_warning_message": "This field is required.",
                                                "mf_input_help_text_color": "#555555",
                                                "show_login_email": "",
                                                "mf_input_label_status": "",
                                                "ha_advanced_tooltip_content": "I am a tooltip",
                                                "__globals__": {
                                                    "mf_input_color": "globals\/colors?id=primary",
                                                    "mf_input_color_hover": "globals\/colors?id=primary",
                                                    "mf_input_color_focus": "globals\/colors?id=primary",
                                                    "mf_input_background_color": "globals\/colors?id=97c0666"
                                                },
                                                "mf_input_background_background": "classic"
                                            },
                                            "elements": [],
                                            "isInner": false,
                                            "widgetType": "mf-email",
                                            "elType": "widget"
                                        }
                                    ],
                                    "isInner": true,
                                    "elType": "column"
                                }
                            ],
                            "isInner": true,
                            "elType": "section"
                        },
                        {
                            "id": "16c4ac5e",
                            "settings": {
                                "gap": "extended"
                            },
                            "elements": [
                                {
                                    "id": "3f0b6757",
                                    "settings": {
                                        "_column_size": 100,
                                        "_inline_size": null,
                                        "space_between_widgets": 0,
                                        "margin": {
                                            "unit": "px",
                                            "top": "0",
                                            "right": "0",
                                            "bottom": "0",
                                            "left": "-10",
                                            "isLinked": false
                                        }
                                    },
                                    "elements": [
                                        {
                                            "id": "5af5a9e7",
                                            "settings": {
                                                "mf_input_label": "Comments \/ Questions",
                                                "mf_input_name": "mf-comment",
                                                "mf_input_placeholder": "Your Message",
                                                "mf_input_required": "yes",
                                                "mf_input_label_color": "#101010",
                                                "mf_input_label_typography_typography": "custom",
                                                "mf_input_label_typography_font_family": "Helvetica",
                                                "mf_input_label_typography_font_size": {
                                                    "unit": "px",
                                                    "size": 18,
                                                    "sizes": []
                                                },
                                                "mf_input_label_typography_font_weight": "500",
                                                "mf_input_label_typography_line_height": {
                                                    "unit": "px",
                                                    "size": 21,
                                                    "sizes": []
                                                },
                                                "mf_input_label_margin": {
                                                    "unit": "px",
                                                    "top": "0",
                                                    "right": "0",
                                                    "bottom": "5",
                                                    "left": "0",
                                                    "isLinked": false
                                                },
                                                "mf_input_required_indicator_color": "#FF0000",
                                                "mf_input_padding": {
                                                    "unit": "px",
                                                    "top": "20",
                                                    "right": "25",
                                                    "bottom": "15",
                                                    "left": "25",
                                                    "isLinked": false
                                                },
                                                "mf_input_border_border": "solid",
                                                "mf_input_border_width": {
                                                    "unit": "px",
                                                    "top": "0",
                                                    "right": "0",
                                                    "bottom": "0",
                                                    "left": "0",
                                                    "isLinked": true
                                                },
                                                "mf_input_border_color": "#ededed",
                                                "mf_input_typgraphy_font_family": "Helvetica",
                                                "mf_input_typgraphy_font_size": {
                                                    "unit": "px",
                                                    "size": 14,
                                                    "sizes": []
                                                },
                                                "mf_input_typgraphy_font_weight": "400",
                                                "mf_input_typgraphy_line_height": {
                                                    "unit": "px",
                                                    "size": 15,
                                                    "sizes": []
                                                },
                                                "mf_input_border_radius": {
                                                    "unit": "px",
                                                    "size": 30,
                                                    "sizes": []
                                                },
                                                "mf_input_box_shadow_box_shadow": {
                                                    "horizontal": 0,
                                                    "vertical": 3,
                                                    "blur": 5,
                                                    "spread": 0,
                                                    "color": "rgba(0,0,0,0.05)"
                                                },
                                                "mf_input_place_holder_typography_typography": "custom",
                                                "mf_input_place_holder_typography_font_family": "Helvetica",
                                                "mf_input_place_holder_typography_font_weight": "400",
                                                "mf_input_placeholder_color": "#999999",
                                                "mf_input_help_text_typography_typography": "custom",
                                                "mf_input_help_text_typography_font_family": "Helvetica",
                                                "mf_input_help_text_typography_font_size": {
                                                    "unit": "px",
                                                    "size": 12,
                                                    "sizes": []
                                                },
                                                "mf_input_help_text_typography_font_weight": "400",
                                                "mf_input_help_text_typography_font_style": "italic",
                                                "mf_input_help_text_typography_line_height": {
                                                    "unit": "px",
                                                    "size": 14,
                                                    "sizes": []
                                                },
                                                "mf_input_help_text_padding": {
                                                    "unit": "px",
                                                    "top": "3",
                                                    "right": "0",
                                                    "bottom": "0",
                                                    "left": "0",
                                                    "isLinked": false
                                                },
                                                "mf_textarea_field_height": {
                                                    "unit": "px",
                                                    "size": 140,
                                                    "sizes": []
                                                },
                                                "mf_input_validation_warning_message": "This field is required.",
                                                "mf_input_help_text_color": "#555555",
                                                "mf_input_label_status": "",
                                                "ha_advanced_tooltip_content": "I am a tooltip",
                                                "mf_input_background_background": "classic",
                                                "__globals__": {
                                                    "mf_input_color": "globals\/colors?id=primary",
                                                    "mf_input_background_color": "globals\/colors?id=97c0666",
                                                    "mf_input_color_hover": "globals\/colors?id=primary",
                                                    "mf_input_color_focus": "globals\/colors?id=primary"
                                                }
                                            },
                                            "elements": [],
                                            "isInner": false,
                                            "widgetType": "mf-textarea",
                                            "elType": "widget"
                                        },
                                        {
                                            "id": "22ff0843",
                                            "settings": {
                                                "mf_btn_text": "Send Message",
                                                "mf_btn_text_padding": {
                                                    "unit": "px",
                                                    "top": "17",
                                                    "right": "30",
                                                    "bottom": "15",
                                                    "left": "30",
                                                    "isLinked": false
                                                },
                                                "mf_btn_typography_font_family": "Helvetica",
                                                "mf_btn_typography_font_size": {
                                                    "unit": "px",
                                                    "size": 16,
                                                    "sizes": []
                                                },
                                                "mf_btn_typography_font_weight": "500",
                                                "mf_btn_typography_line_height": {
                                                    "unit": "px",
                                                    "size": 18,
                                                    "sizes": []
                                                },
                                                "mf_btn_bg_color_background": "gradient",
                                                "mf_btn_box_shadow_group_box_shadow_type": "yes",
                                                "mf_btn_box_shadow_group_box_shadow": {
                                                    "horizontal": 0,
                                                    "vertical": 0,
                                                    "blur": 0,
                                                    "spread": 0,
                                                    "color": "rgba(66,133,244,0.3)"
                                                },
                                                "_margin": {
                                                    "unit": "px",
                                                    "top": "40",
                                                    "right": "0",
                                                    "bottom": "0",
                                                    "left": "0",
                                                    "isLinked": false
                                                },
                                                "mf_hidden_input": [],
                                                "ha_advanced_tooltip_content": "I am a tooltip",
                                                "mf_btn_bg_color_gradient_angle": {
                                                    "unit": "deg",
                                                    "size": 90,
                                                    "sizes": []
                                                },
                                                "mf_btn_bg_hover_color_background": "gradient",
                                                "mf_btn_bg_hover_color_gradient_angle": {
                                                    "unit": "deg",
                                                    "size": 90,
                                                    "sizes": []
                                                },
                                                "mf_btn_border_radius": {
                                                    "unit": "px",
                                                    "top": "30",
                                                    "right": "30",
                                                    "bottom": "30",
                                                    "left": "30",
                                                    "isLinked": true
                                                },
                                                "__globals__": {
                                                    "mf_btn_bg_color_color": "globals\/colors?id=secondary",
                                                    "mf_btn_bg_color_color_b": "globals\/colors?id=103493d",
                                                    "mf_btn_bg_hover_color_color": "globals\/colors?id=103493d",
                                                    "mf_btn_bg_hover_color_color_b": "globals\/colors?id=secondary"
                                                },
                                                "mf_btn_align": "left"
                                            },
                                            "elements": [],
                                            "isInner": false,
                                            "widgetType": "mf-button",
                                            "elType": "widget"
                                        }
                                    ],
                                    "isInner": true,
                                    "elType": "column"
                                }
                            ],
                            "isInner": true,
                            "elType": "section"
                        }
                    ],
                    "isInner": false,
                    "elType": "column"
                }
            ],
            "isInner": false,
            "elType": "section"
        }
    ],
    "page_settings": {
        "ha_grid_zindex": "1000",
        "template": "elementor_canvas"
    }
}