{
    "version": "0.4",
    "title": "Metform \u2013 Newsletter",
    "type": "section",
    "metadata": {
        "template_type": "section-other",
        "include_in_zip": "1",
        "elementor_pro_required": null,
        "wp_page_template": "elementor_canvas"
    },
    "content": [
        {
            "id": "47537a94",
            "settings": [],
            "elements": [
                {
                    "id": "4f985033",
                    "settings": {
                        "_column_size": 100,
                        "_inline_size": 100,
                        "padding": {
                            "unit": "px",
                            "top": "0",
                            "right": "0",
                            "bottom": "0",
                            "left": "0",
                            "isLinked": false
                        },
                        "_ha_column_width": "calc(100%+100px)"
                    },
                    "elements": [
                        {
                            "id": "296c65ac",
                            "settings": {
                                "mf_input_label": "Email Address",
                                "mf_input_name": "mf-email",
                                "mf_input_placeholder": "Email Address",
                                "mf_input_required": "yes",
                                "mf_input_label_color": "#101010",
                                "mf_input_label_typography_typography": "custom",
                                "mf_input_label_typography_font_family": "Helvetica",
                                "mf_input_label_typography_font_size": {
                                    "unit": "px",
                                    "size": 18,
                                    "sizes": []
                                },
                                "mf_input_label_typography_font_weight": "500",
                                "mf_input_label_typography_line_height": {
                                    "unit": "px",
                                    "size": 21,
                                    "sizes": []
                                },
                                "mf_input_label_margin": {
                                    "unit": "px",
                                    "top": "0",
                                    "right": "0",
                                    "bottom": "5",
                                    "left": "0",
                                    "isLinked": false
                                },
                                "mf_input_padding": {
                                    "unit": "px",
                                    "top": "14",
                                    "right": "75",
                                    "bottom": "12",
                                    "left": "25",
                                    "isLinked": false
                                },
                                "mf_input_border_border": "solid",
                                "mf_input_border_width": {
                                    "unit": "px",
                                    "top": "0",
                                    "right": "0",
                                    "bottom": "0",
                                    "left": "0",
                                    "isLinked": true
                                },
                                "mf_input_border_color": "#ededed",
                                "mf_input_typgraphy_typography": "custom",
                                "mf_input_typgraphy_font_family": "Helvetica",
                                "mf_input_typgraphy_font_size": {
                                    "unit": "px",
                                    "size": 14,
                                    "sizes": []
                                },
                                "mf_input_typgraphy_font_weight": "400",
                                "mf_input_typgraphy_line_height": {
                                    "unit": "px",
                                    "size": 15,
                                    "sizes": []
                                },
                                "mf_input_border_radius": {
                                    "unit": "px",
                                    "size": 30,
                                    "sizes": []
                                },
                                "mf_input_box_shadow_box_shadow": {
                                    "horizontal": 0,
                                    "vertical": 3,
                                    "blur": 5,
                                    "spread": 0,
                                    "color": "rgba(0,0,0,0.05)"
                                },
                                "mf_input_placeholder_color": "#FFFFFF4D",
                                "mf_input_help_text_typography_typography": "custom",
                                "mf_input_help_text_typography_font_family": "Helvetica",
                                "mf_input_help_text_typography_font_size": {
                                    "unit": "px",
                                    "size": 12,
                                    "sizes": []
                                },
                                "mf_input_help_text_typography_font_weight": "400",
                                "mf_input_help_text_typography_font_style": "italic",
                                "mf_input_help_text_typography_line_height": {
                                    "unit": "px",
                                    "size": 14,
                                    "sizes": []
                                },
                                "mf_input_help_text_padding": {
                                    "unit": "px",
                                    "top": "3",
                                    "right": "0",
                                    "bottom": "0",
                                    "left": "0",
                                    "isLinked": false
                                },
                                "mf_input_validation_warning_message": "This field is required.",
                                "mf_input_required_indicator_color": "#FF0000",
                                "mf_input_help_text_color": "#555555",
                                "mf_input_label_status": "",
                                "mf_input_background_background": "classic",
                                "ha_advanced_tooltip_content": "I am a tooltip",
                                "_element_width": "auto",
                                "mf_input_background_color": "#00000033",
                                "_margin": {
                                    "unit": "px",
                                    "top": "0",
                                    "right": "-60",
                                    "bottom": "0",
                                    "left": "0",
                                    "isLinked": false
                                },
                                "__globals__": {
                                    "mf_input_color": "globals\/colors?id=primary",
                                    "mf_input_place_holder_typography_typography": "globals\/typography?id=text",
                                    "mf_input_color_hover": "globals\/colors?id=primary",
                                    "mf_input_color_focus": "globals\/colors?id=primary"
                                },
                                "mf_input_padding_mobile": {
                                    "unit": "px",
                                    "top": "13",
                                    "right": "95",
                                    "bottom": "13",
                                    "left": "25",
                                    "isLinked": false
                                },
                                "_margin_mobile": {
                                    "unit": "px",
                                    "top": "0",
                                    "right": "-90",
                                    "bottom": "0",
                                    "left": "0",
                                    "isLinked": false
                                }
                            },
                            "elements": [],
                            "isInner": false,
                            "widgetType": "mf-email",
                            "elType": "widget"
                        },
                        {
                            "id": "76388fb6",
                            "settings": {
                                "mf_btn_text": "Send",
                                "mf_btn_align": "left",
                                "mf_btn_text_padding": {
                                    "unit": "px",
                                    "top": "13",
                                    "right": "20",
                                    "bottom": "12",
                                    "left": "20",
                                    "isLinked": false
                                },
                                "mf_btn_bg_color_color": "#4285f4",
                                "mf_btn_box_shadow_group_box_shadow": {
                                    "horizontal": 0,
                                    "vertical": 0,
                                    "blur": 0,
                                    "spread": 0,
                                    "color": "rgba(66,133,244,0.3)"
                                },
                                "mf_hidden_input": [],
                                "mf_btn_border_radius": {
                                    "unit": "px",
                                    "top": "0",
                                    "right": "30",
                                    "bottom": "30",
                                    "left": "0",
                                    "isLinked": false
                                },
                                "ha_advanced_tooltip_content": "I am a tooltip",
                                "__globals__": {
                                    "mf_btn_typography_typography": "globals\/typography?id=primary"
                                },
                                "_element_width": "auto",
                                "mf_btn_box_shadow_group_box_shadow_type": "yes",
                                "mf_btn_align_mobile": "center",
                                "mf_btn_border_radius_mobile": {
                                    "unit": "px",
                                    "top": "30",
                                    "right": "30",
                                    "bottom": "30",
                                    "left": "30",
                                    "isLinked": true
                                },
                                "_margin_mobile": {
                                    "unit": "px",
                                    "top": "20",
                                    "right": "0",
                                    "bottom": "0",
                                    "left": "0",
                                    "isLinked": false
                                },
                                "_element_width_mobile": "inherit"
                            },
                            "elements": [],
                            "isInner": false,
                            "widgetType": "mf-button",
                            "elType": "widget"
                        }
                    ],
                    "isInner": false,
                    "elType": "column"
                }
            ],
            "isInner": false,
            "elType": "section"
        }
    ],
    "page_settings": {
        "ha_grid_zindex": "1000",
        "template": "elementor_canvas"
    }
}