{
    "version": "0.4",
    "title": "News Section",
    "type": "section",
    "metadata": {
        "template_type": "section-other",
        "include_in_zip": "1",
        "elementor_pro_required": null,
        "wp_page_template": "elementor_canvas"
    },
    "content": [
        {
            "id": "9c830a1",
            "settings": {
                "margin": {
                    "unit": "px",
                    "top": "110",
                    "right": 0,
                    "bottom": "0",
                    "left": 0,
                    "isLinked": false
                }
            },
            "elements": [
                {
                    "id": "6fe22b55",
                    "settings": {
                        "_column_size": 100,
                        "_inline_size": null
                    },
                    "elements": [
                        {
                            "id": "192a3390",
                            "settings": {
                                "title": "Latest News",
                                "align": "center",
                                "ha_advanced_tooltip_content": "I am a tooltip",
                                "_animation": "fadeInDown"
                            },
                            "elements": [],
                            "isInner": false,
                            "widgetType": "heading",
                            "elType": "widget"
                        }
                    ],
                    "isInner": false,
                    "elType": "column"
                }
            ],
            "isInner": false,
            "elType": "section"
        },
        {
            "id": "5f60d238",
            "settings": {
                "structure": "20",
                "margin": {
                    "unit": "px",
                    "top": "20",
                    "right": 0,
                    "bottom": "0",
                    "left": 0,
                    "isLinked": false
                },
                "content_position": "middle",
                "padding_tablet": {
                    "unit": "px",
                    "top": "0",
                    "right": "30",
                    "bottom": "0",
                    "left": "30",
                    "isLinked": false
                }
            },
            "elements": [
                {
                    "id": "2013027a",
                    "settings": {
                        "_column_size": 50,
                        "_inline_size": null,
                        "_inline_size_tablet": 40
                    },
                    "elements": [
                        {
                            "id": "22d0208a",
                            "settings": {
                                "image": {
                                    "url": "https:\/\/kinforce.net\/cripto\/wp-content\/uploads\/2021\/08\/freepik-isometric-glowing-business-analytics-icons-set_2.png",
                                    "id": 369,
                                    "alt": "",
                                    "source": "library"
                                },
                                "ha_advanced_tooltip_content": "I am a tooltip",
                                "_animation": "fadeInLeft",
                                "_animation_delay": 100
                            },
                            "elements": [],
                            "isInner": false,
                            "widgetType": "image",
                            "elType": "widget"
                        }
                    ],
                    "isInner": false,
                    "elType": "column"
                },
                {
                    "id": "117199ef",
                    "settings": {
                        "_column_size": 50,
                        "_inline_size": null,
                        "_inline_size_tablet": 60
                    },
                    "elements": [
                        {
                            "id": "649167ff",
                            "settings": {
                                "selected_list_post": [],
                                "selected_list_page": [],
                                "selected_list_e-landing-page": [],
                                "feature_image": "yes",
                                "meta": "yes",
                                "author_meta": "yes",
                                "author_icon": {
                                    "value": "hm hm-user-female",
                                    "library": "happy-icons"
                                },
                                "date_meta": "yes",
                                "date_icon": {
                                    "value": "icon icon-calendar1",
                                    "library": "ekiticons"
                                },
                                "image_width": {
                                    "unit": "px",
                                    "size": 122,
                                    "sizes": []
                                },
                                "image_boder_radius": {
                                    "unit": "%",
                                    "top": "50",
                                    "right": "50",
                                    "bottom": "50",
                                    "left": "50",
                                    "isLinked": true
                                },
                                "icon_margin_right": {
                                    "unit": "px",
                                    "size": 40,
                                    "sizes": []
                                },
                                "meta_space": {
                                    "unit": "px",
                                    "size": 20,
                                    "sizes": []
                                },
                                "meta_box_margin": {
                                    "unit": "px",
                                    "top": "10",
                                    "right": "0",
                                    "bottom": "0",
                                    "left": "0",
                                    "isLinked": false
                                },
                                "meta_icon_space": {
                                    "unit": "px",
                                    "size": 10,
                                    "sizes": []
                                },
                                "ha_advanced_tooltip_content": "I am a tooltip",
                                "__globals__": {
                                    "title_typography_typography": "",
                                    "meta_typography_typography": "globals\/typography?id=text",
                                    "meta_color": "globals\/colors?id=92bfebb",
                                    "title_hvr_color": "globals\/colors?id=secondary"
                                },
                                "list_item_margin": {
                                    "unit": "px",
                                    "top": "0",
                                    "right": "0",
                                    "bottom": "40",
                                    "left": "0",
                                    "isLinked": false
                                },
                                "_animation": "fadeInRight",
                                "_animation_delay": 100,
                                "title_typography_typography": "custom",
                                "title_typography_font_family": "Poppins",
                                "title_typography_font_size": {
                                    "unit": "px",
                                    "size": 20,
                                    "sizes": []
                                },
                                "title_typography_font_size_tablet": {
                                    "unit": "px",
                                    "size": 14,
                                    "sizes": []
                                },
                                "title_typography_font_weight": "600",
                                "title_typography_line_height_tablet": {
                                    "unit": "em",
                                    "size": 1.8000000000000000444089209850062616169452667236328125,
                                    "sizes": []
                                },
                                "title_hvr_color": "#EC5046",
                                "image_width_mobile": {
                                    "unit": "px",
                                    "size": 0,
                                    "sizes": []
                                },
                                "icon_margin_right_tablet": {
                                    "unit": "px",
                                    "size": 30,
                                    "sizes": []
                                },
                                "icon_margin_right_mobile": {
                                    "unit": "px",
                                    "size": 0,
                                    "sizes": []
                                },
                                "meta_typography_typography": "custom",
                                "meta_typography_font_family": "Rubik",
                                "meta_typography_font_weight": "400",
                                "meta_color": "#2DE4C1",
                                "meta_space_tablet": {
                                    "unit": "px",
                                    "size": 10,
                                    "sizes": []
                                },
                                "meta_icon_space_tablet": {
                                    "unit": "px",
                                    "size": 7,
                                    "sizes": []
                                }
                            },
                            "elements": [],
                            "isInner": false,
                            "widgetType": "ha-post-list",
                            "elType": "widget"
                        }
                    ],
                    "isInner": false,
                    "elType": "column"
                }
            ],
            "isInner": false,
            "elType": "section"
        }
    ],
    "page_settings": {
        "ha_grid_zindex": "1000",
        "template": "elementor_canvas"
    }
}