{
    "version": "0.4",
    "title": "Road Map",
    "type": "page",
    "metadata": {
        "template_type": "single-page",
        "include_in_zip": "1",
        "elementor_pro_required": null,
        "wp_page_template": "elementor_canvas"
    },
    "content": [
        {
            "id": "4e8e9571",
            "settings": {
                "background_background": "gradient",
                "background_color": "#37065D",
                "background_color_b": "#9E07A4",
                "background_gradient_angle": {
                    "unit": "deg",
                    "size": 60,
                    "sizes": []
                },
                "background_image": {
                    "url": "https:\/\/kinforce.net\/cripto\/wp-content\/uploads\/2021\/08\/cryptocurrency-exchange-market_2.jpg",
                    "id": 595,
                    "alt": "",
                    "source": "library"
                },
                "background_overlay_background": "classic",
                "background_overlay_image": {
                    "url": "https:\/\/kinforce.net\/cripto\/wp-content\/uploads\/2021\/08\/cryptocurrency-exchange-market_2.jpg",
                    "id": 595,
                    "alt": "",
                    "source": "library"
                },
                "background_overlay_opacity": {
                    "unit": "px",
                    "size": 0.6999999999999999555910790149937383830547332763671875,
                    "sizes": []
                },
                "margin": {
                    "unit": "px",
                    "top": "-110",
                    "right": 0,
                    "bottom": "0",
                    "left": 0,
                    "isLinked": false
                },
                "padding": {
                    "unit": "px",
                    "top": "195",
                    "right": "0",
                    "bottom": "85",
                    "left": "0",
                    "isLinked": false
                },
                "animation": "fadeIn",
                "background_overlay_position": "center center",
                "background_overlay_repeat": "no-repeat",
                "background_overlay_size": "cover"
            },
            "elements": [
                {
                    "id": "510f7233",
                    "settings": {
                        "_column_size": 100,
                        "_inline_size": null
                    },
                    "elements": [
                        {
                            "id": "51d7a9cf",
                            "settings": {
                                "title": "Road Map",
                                "header_size": "h1",
                                "align": "center",
                                "ha_advanced_tooltip_content": "I am a tooltip",
                                "_animation": "fadeInDown"
                            },
                            "elements": [],
                            "isInner": false,
                            "widgetType": "heading",
                            "elType": "widget"
                        }
                    ],
                    "isInner": false,
                    "elType": "column"
                }
            ],
            "isInner": false,
            "elType": "section"
        },
        {
            "id": "7fa3566d",
            "settings": {
                "structure": "20",
                "margin": {
                    "unit": "px",
                    "top": "100",
                    "right": 0,
                    "bottom": "0",
                    "left": 0,
                    "isLinked": false
                },
                "padding_tablet": {
                    "unit": "px",
                    "top": "0",
                    "right": "30",
                    "bottom": "0",
                    "left": "30",
                    "isLinked": false
                },
                "margin_mobile": {
                    "unit": "px",
                    "top": "80",
                    "right": 0,
                    "bottom": "0",
                    "left": 0,
                    "isLinked": false
                }
            },
            "elements": [
                {
                    "id": "b57d89c",
                    "settings": {
                        "_column_size": 50,
                        "_inline_size": 49
                    },
                    "elements": [
                        {
                            "id": "6fa9e73f",
                            "settings": {
                                "title": "Token Allocation Summary",
                                "ha_advanced_tooltip_content": "I am a tooltip",
                                "_animation": "fadeInDown"
                            },
                            "elements": [],
                            "isInner": false,
                            "widgetType": "heading",
                            "elType": "widget"
                        },
                        {
                            "id": "7697c6c",
                            "settings": {
                                "editor": "<p>Donec at mattis ligula. Duis dolor arcu, tempor in accumsan id, finibus a ipsum. Nam vitae ante mattis, pulvinar erat non, scelerisque augue ullam corper augue felis, ac efficitur diam posuere in maecenas tristique.<\/p>",
                                "ha_advanced_tooltip_content": "I am a tooltip",
                                "_animation": "fadeInUp"
                            },
                            "elements": [],
                            "isInner": false,
                            "widgetType": "text-editor",
                            "elType": "widget"
                        },
                        {
                            "id": "6bcb1eb",
                            "settings": {
                                "text": "View Details",
                                "_margin": {
                                    "unit": "px",
                                    "top": "5",
                                    "right": "0",
                                    "bottom": "0",
                                    "left": "0",
                                    "isLinked": false
                                },
                                "ha_advanced_tooltip_content": "I am a tooltip",
                                "_animation": "rotateInUpLeft"
                            },
                            "elements": [],
                            "isInner": false,
                            "widgetType": "button",
                            "elType": "widget"
                        }
                    ],
                    "isInner": false,
                    "elType": "column"
                },
                {
                    "id": "298206a0",
                    "settings": {
                        "_column_size": 50,
                        "_inline_size": 51,
                        "margin_mobile": {
                            "unit": "px",
                            "top": "50",
                            "right": "0",
                            "bottom": "0",
                            "left": "0",
                            "isLinked": false
                        },
                        "padding": {
                            "unit": "px",
                            "top": "20",
                            "right": "0",
                            "bottom": "0",
                            "left": "50",
                            "isLinked": false
                        },
                        "padding_tablet": {
                            "unit": "px",
                            "top": "20",
                            "right": "0",
                            "bottom": "0",
                            "left": "30",
                            "isLinked": false
                        },
                        "padding_mobile": {
                            "unit": "px",
                            "top": "0",
                            "right": "0",
                            "bottom": "0",
                            "left": "0",
                            "isLinked": false
                        },
                        "animation": "fadeInRight"
                    },
                    "elements": [
                        {
                            "id": "77bc2592",
                            "settings": {
                                "ekit_progressbar_style": "pin-style",
                                "ekit_progressbar_title": "Post-UTO Community Reserve - 15.000.00",
                                "ekit_progressbar_percentage": 80,
                                "ekit_progressbar_background_background": "classic",
                                "ekit_progressbar_background_color": "#FFFFFF29",
                                "ekit_progressbar_background_color_b": "#E702BF",
                                "ekit_progressbar_track_color_background": "gradient",
                                "ekit_progressbar_track_color_color": "#EC5046",
                                "ekit_progressbar_track_color_color_b": "#E702BF",
                                "ekit_progressbar_track_color_gradient_angle": {
                                    "unit": "deg",
                                    "size": 90,
                                    "sizes": []
                                },
                                "ekit_progressbar_title_color": "#FFFFFF",
                                "ekit_progressbar_title_typography_typography": "custom",
                                "ekit_progressbar_title_typography_font_family": "Poppins",
                                "ekit_progressbar_title_typography_font_weight": "700",
                                "ekit_progressbar_percent_typography_font_family": "Poppins",
                                "ekit_progressbar_percent_typography_font_size": {
                                    "unit": "px",
                                    "size": 16,
                                    "sizes": []
                                },
                                "ekit_progressbar_percent_typography_font_weight": "600",
                                "ekit_progressbar_percent_typography_line_height": {
                                    "unit": "em",
                                    "size": 1.600000000000000088817841970012523233890533447265625,
                                    "sizes": []
                                },
                                "ekit_progressbar_percent_pin_bg": "#E702BF",
                                "ha_advanced_tooltip_content": "I am a tooltip",
                                "__globals__": {
                                    "ekit_progressbar_title_color": "globals\/colors?id=primary",
                                    "ekit_progressbar_background_color": "",
                                    "ekit_progressbar_background_color_b": "globals\/colors?id=103493d",
                                    "ekit_progressbar_track_color_color": "globals\/colors?id=secondary",
                                    "ekit_progressbar_track_color_color_b": "globals\/colors?id=103493d",
                                    "ekit_progressbar_title_typography_typography": "globals\/typography?id=primary",
                                    "ekit_progressbar_percent_pin_bg": "globals\/colors?id=103493d",
                                    "ekit_progressbar_percent_typography_typography": ""
                                }
                            },
                            "elements": [],
                            "isInner": false,
                            "widgetType": "elementskit-progressbar",
                            "elType": "widget"
                        },
                        {
                            "id": "1075be95",
                            "settings": {
                                "ekit_progressbar_style": "pin-style",
                                "ekit_progressbar_title": "Token Offer - 56.000.00",
                                "ekit_progressbar_percentage": 50,
                                "ekit_progressbar_background_background": "classic",
                                "ekit_progressbar_background_color": "#FFFFFF29",
                                "ekit_progressbar_background_color_b": "#E702BF",
                                "ekit_progressbar_track_color_background": "gradient",
                                "ekit_progressbar_track_color_color": "#EC5046",
                                "ekit_progressbar_track_color_color_b": "#E702BF",
                                "ekit_progressbar_track_color_gradient_angle": {
                                    "unit": "deg",
                                    "size": 90,
                                    "sizes": []
                                },
                                "ekit_progressbar_title_color": "#FFFFFF",
                                "ekit_progressbar_title_typography_typography": "custom",
                                "ekit_progressbar_title_typography_font_family": "Poppins",
                                "ekit_progressbar_title_typography_font_weight": "700",
                                "ekit_progressbar_percent_typography_font_family": "Poppins",
                                "ekit_progressbar_percent_typography_font_size": {
                                    "unit": "px",
                                    "size": 16,
                                    "sizes": []
                                },
                                "ekit_progressbar_percent_typography_font_weight": "600",
                                "ekit_progressbar_percent_typography_line_height": {
                                    "unit": "em",
                                    "size": 1.600000000000000088817841970012523233890533447265625,
                                    "sizes": []
                                },
                                "ekit_progressbar_percent_pin_bg": "#E702BF",
                                "_margin": {
                                    "unit": "px",
                                    "top": "20",
                                    "right": "0",
                                    "bottom": "0",
                                    "left": "0",
                                    "isLinked": false
                                },
                                "ha_advanced_tooltip_content": "I am a tooltip",
                                "__globals__": {
                                    "ekit_progressbar_title_color": "globals\/colors?id=primary",
                                    "ekit_progressbar_background_color": "",
                                    "ekit_progressbar_background_color_b": "globals\/colors?id=103493d",
                                    "ekit_progressbar_track_color_color": "globals\/colors?id=secondary",
                                    "ekit_progressbar_track_color_color_b": "globals\/colors?id=103493d",
                                    "ekit_progressbar_title_typography_typography": "globals\/typography?id=primary",
                                    "ekit_progressbar_percent_pin_bg": "globals\/colors?id=103493d",
                                    "ekit_progressbar_percent_typography_typography": ""
                                }
                            },
                            "elements": [],
                            "isInner": false,
                            "widgetType": "elementskit-progressbar",
                            "elType": "widget"
                        },
                        {
                            "id": "32df3ceb",
                            "settings": {
                                "ekit_progressbar_style": "pin-style",
                                "ekit_progressbar_title": "UTO Bounties - 15.500.00",
                                "ekit_progressbar_percentage": 70,
                                "ekit_progressbar_background_background": "classic",
                                "ekit_progressbar_background_color": "#FFFFFF29",
                                "ekit_progressbar_background_color_b": "#E702BF",
                                "ekit_progressbar_track_color_background": "gradient",
                                "ekit_progressbar_track_color_color": "#EC5046",
                                "ekit_progressbar_track_color_color_b": "#E702BF",
                                "ekit_progressbar_track_color_gradient_angle": {
                                    "unit": "deg",
                                    "size": 90,
                                    "sizes": []
                                },
                                "ekit_progressbar_title_color": "#FFFFFF",
                                "ekit_progressbar_title_typography_typography": "custom",
                                "ekit_progressbar_title_typography_font_family": "Poppins",
                                "ekit_progressbar_title_typography_font_weight": "700",
                                "ekit_progressbar_percent_typography_font_family": "Poppins",
                                "ekit_progressbar_percent_typography_font_size": {
                                    "unit": "px",
                                    "size": 16,
                                    "sizes": []
                                },
                                "ekit_progressbar_percent_typography_font_weight": "600",
                                "ekit_progressbar_percent_typography_line_height": {
                                    "unit": "em",
                                    "size": 1.600000000000000088817841970012523233890533447265625,
                                    "sizes": []
                                },
                                "ekit_progressbar_percent_pin_bg": "#E702BF",
                                "_margin": {
                                    "unit": "px",
                                    "top": "20",
                                    "right": "0",
                                    "bottom": "0",
                                    "left": "0",
                                    "isLinked": false
                                },
                                "ha_advanced_tooltip_content": "I am a tooltip",
                                "__globals__": {
                                    "ekit_progressbar_title_color": "globals\/colors?id=primary",
                                    "ekit_progressbar_background_color": "",
                                    "ekit_progressbar_background_color_b": "globals\/colors?id=103493d",
                                    "ekit_progressbar_track_color_color": "globals\/colors?id=secondary",
                                    "ekit_progressbar_track_color_color_b": "globals\/colors?id=103493d",
                                    "ekit_progressbar_title_typography_typography": "globals\/typography?id=primary",
                                    "ekit_progressbar_percent_pin_bg": "globals\/colors?id=103493d",
                                    "ekit_progressbar_percent_typography_typography": ""
                                }
                            },
                            "elements": [],
                            "isInner": false,
                            "widgetType": "elementskit-progressbar",
                            "elType": "widget"
                        },
                        {
                            "id": "291f3310",
                            "settings": {
                                "ekit_progressbar_style": "pin-style",
                                "ekit_progressbar_title": "Post-UTO Community Building - 18.000.00",
                                "ekit_progressbar_background_background": "classic",
                                "ekit_progressbar_background_color": "#FFFFFF29",
                                "ekit_progressbar_background_color_b": "#E702BF",
                                "ekit_progressbar_track_color_background": "gradient",
                                "ekit_progressbar_track_color_color": "#EC5046",
                                "ekit_progressbar_track_color_color_b": "#E702BF",
                                "ekit_progressbar_track_color_gradient_angle": {
                                    "unit": "deg",
                                    "size": 90,
                                    "sizes": []
                                },
                                "ekit_progressbar_title_color": "#FFFFFF",
                                "ekit_progressbar_title_typography_typography": "custom",
                                "ekit_progressbar_title_typography_font_family": "Poppins",
                                "ekit_progressbar_title_typography_font_weight": "700",
                                "ekit_progressbar_percent_typography_font_family": "Poppins",
                                "ekit_progressbar_percent_typography_font_size": {
                                    "unit": "px",
                                    "size": 16,
                                    "sizes": []
                                },
                                "ekit_progressbar_percent_typography_font_weight": "600",
                                "ekit_progressbar_percent_typography_line_height": {
                                    "unit": "em",
                                    "size": 1.600000000000000088817841970012523233890533447265625,
                                    "sizes": []
                                },
                                "ekit_progressbar_percent_pin_bg": "#E702BF",
                                "_margin": {
                                    "unit": "px",
                                    "top": "20",
                                    "right": "0",
                                    "bottom": "0",
                                    "left": "0",
                                    "isLinked": false
                                },
                                "ha_advanced_tooltip_content": "I am a tooltip",
                                "__globals__": {
                                    "ekit_progressbar_title_color": "globals\/colors?id=primary",
                                    "ekit_progressbar_background_color": "",
                                    "ekit_progressbar_background_color_b": "globals\/colors?id=103493d",
                                    "ekit_progressbar_track_color_color": "globals\/colors?id=secondary",
                                    "ekit_progressbar_track_color_color_b": "globals\/colors?id=103493d",
                                    "ekit_progressbar_title_typography_typography": "globals\/typography?id=primary",
                                    "ekit_progressbar_percent_pin_bg": "globals\/colors?id=103493d",
                                    "ekit_progressbar_percent_typography_typography": ""
                                }
                            },
                            "elements": [],
                            "isInner": false,
                            "widgetType": "elementskit-progressbar",
                            "elType": "widget"
                        }
                    ],
                    "isInner": false,
                    "elType": "column"
                }
            ],
            "isInner": false,
            "elType": "section"
        },
        {
            "id": "21014eb4",
            "settings": {
                "background_background": "gradient",
                "background_color": "#381163",
                "background_color_b": "#4F126B",
                "background_gradient_angle": {
                    "unit": "deg",
                    "size": 90,
                    "sizes": []
                },
                "background_overlay_background": "classic",
                "background_overlay_image": {
                    "url": "https:\/\/kinforce.net\/cripto\/wp-content\/uploads\/2021\/08\/freepik-worldmap-background-design.png",
                    "id": 232,
                    "alt": "",
                    "source": "library"
                },
                "background_overlay_position": "center center",
                "background_overlay_attachment": "fixed",
                "background_overlay_repeat": "no-repeat",
                "background_overlay_opacity": {
                    "unit": "px",
                    "size": 1,
                    "sizes": []
                },
                "margin": {
                    "unit": "px",
                    "top": "110",
                    "right": 0,
                    "bottom": "0",
                    "left": 0,
                    "isLinked": false
                },
                "padding": {
                    "unit": "px",
                    "top": "100",
                    "right": "0",
                    "bottom": "90",
                    "left": "0",
                    "isLinked": false
                },
                "__globals__": {
                    "background_color": ""
                },
                "margin_mobile": {
                    "unit": "px",
                    "top": "80",
                    "right": 0,
                    "bottom": "0",
                    "left": 0,
                    "isLinked": false
                },
                "padding_tablet": {
                    "unit": "px",
                    "top": "80",
                    "right": "30",
                    "bottom": "80",
                    "left": "30",
                    "isLinked": false
                }
            },
            "elements": [
                {
                    "id": "6ba77c90",
                    "settings": {
                        "_column_size": 100,
                        "_inline_size": null
                    },
                    "elements": [
                        {
                            "id": "10fdb00e",
                            "settings": {
                                "title": "Cripto Road Map",
                                "align": "center",
                                "ha_advanced_tooltip_content": "I am a tooltip",
                                "_animation": "fadeInDown"
                            },
                            "elements": [],
                            "isInner": false,
                            "widgetType": "heading",
                            "elType": "widget"
                        },
                        {
                            "id": "61b23888",
                            "settings": {
                                "timeline": [
                                    {
                                        "event_date": "Mar 01, 2021",
                                        "_id": "70e482a",
                                        "event_icon": {
                                            "value": "far fa-dot-circle",
                                            "library": "fa-regular"
                                        },
                                        "image": {
                                            "url": "",
                                            "id": ""
                                        },
                                        "event_description": "<p>Lorem ipsum dolor sit amet, viverra lacus, eu pretium leo massa nec massa<\/p>"
                                    },
                                    {
                                        "event_date": "Apr 02, 2021",
                                        "_id": "7f575fb",
                                        "event_icon": {
                                            "value": "far fa-dot-circle",
                                            "library": "fa-regular"
                                        },
                                        "image": {
                                            "url": "",
                                            "id": ""
                                        },
                                        "event_description": "<p>Lorem ipsum dolor sit amet, viverra lacus, eu pretium leo massa nec massa<\/p>"
                                    },
                                    {
                                        "event_date": "May 03, 2021",
                                        "_id": "bc13394",
                                        "event_icon": {
                                            "value": "far fa-dot-circle",
                                            "library": "fa-regular"
                                        },
                                        "image": {
                                            "url": "",
                                            "id": ""
                                        },
                                        "event_description": "<p>Lorem ipsum dolor sit amet, viverra lacus, eu pretium leo massa nec massa<\/p>"
                                    },
                                    {
                                        "event_date": "Jun 04, 2021",
                                        "_id": "1c28e4c",
                                        "event_icon": {
                                            "value": "far fa-dot-circle",
                                            "library": "fa-regular"
                                        },
                                        "image": {
                                            "url": "",
                                            "id": ""
                                        },
                                        "event_description": "<p>Lorem ipsum dolor sit amet, viverra lacus, eu pretium leo massa nec massa<\/p>"
                                    }
                                ],
                                "slides_to_show": "3",
                                "arrow_prev_icon": {
                                    "value": "hm hm-play-previous",
                                    "library": "happy-icons"
                                },
                                "arrow_next_icon": {
                                    "value": "hm hm-play-next",
                                    "library": "happy-icons"
                                },
                                "line_spacing": {
                                    "unit": "px",
                                    "size": 1,
                                    "sizes": []
                                },
                                "line_color": "#E702BF",
                                "date_typography_typography": "custom",
                                "date_typography_font_family": "Poppins",
                                "date_typography_font_weight": "600",
                                "date_color": "#FFFFFF",
                                "icon_size": {
                                    "unit": "px",
                                    "size": 18,
                                    "sizes": []
                                },
                                "icon_border_border": "solid",
                                "icon_border_width": {
                                    "unit": "px",
                                    "top": "0",
                                    "right": "0",
                                    "bottom": "0",
                                    "left": "0",
                                    "isLinked": true
                                },
                                "icon_border_color": "#E702BF",
                                "event_icon_background_color": "#3D147100",
                                "event_icon_color": "#E702BF",
                                "arrow_vertical_alignment": {
                                    "unit": "%",
                                    "size": 26,
                                    "sizes": []
                                },
                                "arrow_border_border": "solid",
                                "arrow_border_width": {
                                    "unit": "px",
                                    "top": "0",
                                    "right": "0",
                                    "bottom": "0",
                                    "left": "0",
                                    "isLinked": true
                                },
                                "arrow_color": "#FFFFFF",
                                "content_border_radius": {
                                    "unit": "px",
                                    "top": "20",
                                    "right": "20",
                                    "bottom": "20",
                                    "left": "20",
                                    "isLinked": true
                                },
                                "content_padding": {
                                    "unit": "px",
                                    "size": 35,
                                    "sizes": []
                                },
                                "content_space": {
                                    "unit": "px",
                                    "size": 28,
                                    "sizes": []
                                },
                                "content_background_color": "#350E59",
                                "description_color": "#FFFFFF",
                                "_margin": {
                                    "unit": "px",
                                    "top": "10",
                                    "right": "0",
                                    "bottom": "0",
                                    "left": "0",
                                    "isLinked": false
                                },
                                "ha_advanced_tooltip_content": "I am a tooltip",
                                "_animation": "fadeInUp",
                                "_animation_delay": 100,
                                "__globals__": {
                                    "description_color": "globals\/colors?id=primary",
                                    "line_color": "globals\/colors?id=103493d",
                                    "date_color": "globals\/colors?id=primary",
                                    "date_typography_typography": "globals\/typography?id=accent",
                                    "icon_border_color": "globals\/colors?id=103493d",
                                    "event_icon_color": "globals\/colors?id=103493d",
                                    "arrow_color": "globals\/colors?id=primary",
                                    "content_background_color": ""
                                },
                                "slides_to_show_mobile": "1",
                                "arrow_vertical_alignment_tablet": {
                                    "unit": "%",
                                    "size": 19.5,
                                    "sizes": []
                                },
                                "content_space_tablet": {
                                    "unit": "px",
                                    "size": 20,
                                    "sizes": []
                                }
                            },
                            "elements": [],
                            "isInner": false,
                            "widgetType": "ha-horizontal-timeline",
                            "elType": "widget"
                        }
                    ],
                    "isInner": false,
                    "elType": "column"
                }
            ],
            "isInner": false,
            "elType": "section"
        },
        {
            "id": "66ad52c9",
            "settings": {
                "margin": {
                    "unit": "px",
                    "top": "75",
                    "right": 0,
                    "bottom": "0",
                    "left": 0,
                    "isLinked": false
                },
                "margin_mobile": {
                    "unit": "px",
                    "top": "80",
                    "right": 0,
                    "bottom": "0",
                    "left": 0,
                    "isLinked": false
                }
            },
            "elements": [
                {
                    "id": "72e69008",
                    "settings": {
                        "_column_size": 100,
                        "_inline_size": null
                    },
                    "elements": [
                        {
                            "id": "10f515a5",
                            "settings": {
                                "iq_line_chart_heading": "Crypto Earnings Chart",
                                "iq_line_is_card_desc_show": "",
                                "iq_line_chart_content": "My Other Example Heading",
                                "iq_line_chart_data_series_count": 2,
                                "iq_line_chart_line_curve": "straight",
                                "iq_line_chart_height": 400,
                                "iq_line_can_chart_show_toolbar": "",
                                "iq_line_chart_no_data_text": "No Data Available",
                                "iq_line_chart_tooltip_theme": "dark",
                                "iq_line_category_list": [
                                    {
                                        "iq_line_chart_category": "Jan",
                                        "_id": "7f4634a"
                                    },
                                    {
                                        "iq_line_chart_category": "Feb",
                                        "_id": "d87808f"
                                    },
                                    {
                                        "iq_line_chart_category": "Mar",
                                        "_id": "c67033a"
                                    },
                                    {
                                        "iq_line_chart_category": "Apr",
                                        "_id": "7135a02"
                                    },
                                    {
                                        "iq_line_chart_category": "May",
                                        "_id": "f1045a5"
                                    },
                                    {
                                        "iq_line_chart_category": "Jun",
                                        "_id": "8a73289"
                                    }
                                ],
                                "iq_line_chart_legend_horizontal_align": "right",
                                "iq_line_chart_xaxis_crosshairs_show": "yes",
                                "iq_line_chart_xaxis_label_show": "",
                                "iq_line_chart_yaxis_0_indicator_show": "",
                                "iq_line_chart_yaxis_label_show": "yes",
                                "iq_line_chart_yaxis_label_prefix": "$",
                                "iq_line_chart_fill_style_type": "gradient",
                                "iq_line_chart_gradient_inversecolor": "yes",
                                "iq_line_chart_gradient_1_0": "#EC5046",
                                "iq_line_chart_gradient_2_0": "#E702BF",
                                "iq_line_chart_width_3_0": 2,
                                "iq_line_chart_marker_size_0": 5,
                                "iq_line_chart_gradient_1_1": "#E702BF",
                                "iq_line_chart_gradient_2_1": "#EC5046",
                                "iq_line_chart_width_3_1": 2,
                                "iq_line_chart_marker_size_1": 5,
                                "iq_line_chart_title_3_0": "Element 1",
                                "iq_line_value_list_3_1_0": [
                                    {
                                        "iq_line_chart_value_3_0": 86,
                                        "_id": "88a684b"
                                    },
                                    {
                                        "iq_line_chart_value_3_0": 45,
                                        "_id": "c560234"
                                    },
                                    {
                                        "iq_line_chart_value_3_0": 87,
                                        "_id": "d751216"
                                    },
                                    {
                                        "iq_line_chart_value_3_0": 82,
                                        "_id": "b0d3a28"
                                    },
                                    {
                                        "iq_line_chart_value_3_0": 198,
                                        "_id": "cae40b1"
                                    },
                                    {
                                        "iq_line_chart_value_3_0": 88,
                                        "_id": "58064ab"
                                    }
                                ],
                                "iq_line_value_list_3_2_0": [
                                    {
                                        "iq_line_chart_value_3_0": -157,
                                        "_id": "12c2714"
                                    },
                                    {
                                        "iq_line_chart_value_3_0": -44,
                                        "_id": "91d298e"
                                    },
                                    {
                                        "iq_line_chart_value_3_0": 11,
                                        "_id": "e2d13da"
                                    },
                                    {
                                        "iq_line_chart_value_3_0": 129,
                                        "_id": "e4e7665"
                                    },
                                    {
                                        "iq_line_chart_value_3_0": 35,
                                        "_id": "f6fb29c"
                                    },
                                    {
                                        "iq_line_chart_value_3_0": -119,
                                        "_id": "befa078"
                                    }
                                ],
                                "iq_line_chart_title_3_1": "Element 2",
                                "iq_line_value_list_3_1_1": [
                                    {
                                        "iq_line_chart_value_3_1": 121,
                                        "_id": "dd5a5d5"
                                    },
                                    {
                                        "iq_line_chart_value_3_1": 121,
                                        "_id": "e0bf47d"
                                    },
                                    {
                                        "iq_line_chart_value_3_1": 186,
                                        "_id": "9b59469"
                                    },
                                    {
                                        "iq_line_chart_value_3_1": 17,
                                        "_id": "c5eb171"
                                    },
                                    {
                                        "iq_line_chart_value_3_1": 162,
                                        "_id": "bd3db0f"
                                    },
                                    {
                                        "iq_line_chart_value_3_1": 134,
                                        "_id": "e9d1ab7"
                                    }
                                ],
                                "iq_line_value_list_3_2_1": [
                                    {
                                        "iq_line_chart_value_3_1": 70,
                                        "_id": "a555777"
                                    },
                                    {
                                        "iq_line_chart_value_3_1": -156,
                                        "_id": "0433fc1"
                                    },
                                    {
                                        "iq_line_chart_value_3_1": -62,
                                        "_id": "a47d31e"
                                    },
                                    {
                                        "iq_line_chart_value_3_1": -192,
                                        "_id": "8aad1a3"
                                    },
                                    {
                                        "iq_line_chart_value_3_1": -143,
                                        "_id": "d39fe3d"
                                    },
                                    {
                                        "iq_line_chart_value_3_1": -139,
                                        "_id": "3eda93e"
                                    }
                                ],
                                "iq_line_chart_title_3_2": "Element 3",
                                "iq_line_value_list_3_1_2": [
                                    {
                                        "iq_line_chart_value_3_2": 37,
                                        "_id": "048316a"
                                    },
                                    {
                                        "iq_line_chart_value_3_2": 163,
                                        "_id": "c7a7b97"
                                    },
                                    {
                                        "iq_line_chart_value_3_2": 73,
                                        "_id": "5d627a0"
                                    },
                                    {
                                        "iq_line_chart_value_3_2": 180,
                                        "_id": "5917b04"
                                    },
                                    {
                                        "iq_line_chart_value_3_2": 125,
                                        "_id": "fd3bd90"
                                    },
                                    {
                                        "iq_line_chart_value_3_2": 34,
                                        "_id": "7e34e4a"
                                    }
                                ],
                                "iq_line_value_list_3_2_2": [
                                    {
                                        "iq_line_chart_value_3_2": 20,
                                        "_id": "f79ac17"
                                    },
                                    {
                                        "iq_line_chart_value_3_2": 174,
                                        "_id": "489fb84"
                                    },
                                    {
                                        "iq_line_chart_value_3_2": -116,
                                        "_id": "169bf68"
                                    },
                                    {
                                        "iq_line_chart_value_3_2": -136,
                                        "_id": "86fef2f"
                                    },
                                    {
                                        "iq_line_chart_value_3_2": -13,
                                        "_id": "336d3e2"
                                    },
                                    {
                                        "iq_line_chart_value_3_2": 161,
                                        "_id": "30107c1"
                                    }
                                ],
                                "iq_line_chart_title_3_3": "Element 4",
                                "iq_line_value_list_3_1_3": [
                                    {
                                        "iq_line_chart_value_3_3": 171,
                                        "_id": "67255b8"
                                    },
                                    {
                                        "iq_line_chart_value_3_3": 161,
                                        "_id": "2331ce3"
                                    },
                                    {
                                        "iq_line_chart_value_3_3": 26,
                                        "_id": "f4f5dd5"
                                    },
                                    {
                                        "iq_line_chart_value_3_3": 99,
                                        "_id": "afcf3c1"
                                    },
                                    {
                                        "iq_line_chart_value_3_3": 33,
                                        "_id": "95b8179"
                                    },
                                    {
                                        "iq_line_chart_value_3_3": 23,
                                        "_id": "eb4b2d7"
                                    }
                                ],
                                "iq_line_value_list_3_2_3": [
                                    {
                                        "iq_line_chart_value_3_3": -198,
                                        "_id": "20e3936"
                                    },
                                    {
                                        "iq_line_chart_value_3_3": -52,
                                        "_id": "74508e9"
                                    },
                                    {
                                        "iq_line_chart_value_3_3": -181,
                                        "_id": "c423fba"
                                    },
                                    {
                                        "iq_line_chart_value_3_3": 114,
                                        "_id": "985e0aa"
                                    },
                                    {
                                        "iq_line_chart_value_3_3": 179,
                                        "_id": "e692a74"
                                    },
                                    {
                                        "iq_line_chart_value_3_3": 29,
                                        "_id": "3c6c7d0"
                                    }
                                ],
                                "iq_line_chart_title_3_4": "Element 5",
                                "iq_line_value_list_3_1_4": [
                                    {
                                        "iq_line_chart_value_3_4": 174,
                                        "_id": "bb34376"
                                    },
                                    {
                                        "iq_line_chart_value_3_4": 113,
                                        "_id": "0187ddb"
                                    },
                                    {
                                        "iq_line_chart_value_3_4": 119,
                                        "_id": "987c350"
                                    },
                                    {
                                        "iq_line_chart_value_3_4": 77,
                                        "_id": "b1105b5"
                                    },
                                    {
                                        "iq_line_chart_value_3_4": 110,
                                        "_id": "acae3e3"
                                    },
                                    {
                                        "iq_line_chart_value_3_4": 183,
                                        "_id": "afdfd9c"
                                    }
                                ],
                                "iq_line_value_list_3_2_4": [
                                    {
                                        "iq_line_chart_value_3_4": -102,
                                        "_id": "27a2244"
                                    },
                                    {
                                        "iq_line_chart_value_3_4": -149,
                                        "_id": "8a08503"
                                    },
                                    {
                                        "iq_line_chart_value_3_4": 193,
                                        "_id": "45bd20c"
                                    },
                                    {
                                        "iq_line_chart_value_3_4": -42,
                                        "_id": "9f1c914"
                                    },
                                    {
                                        "iq_line_chart_value_3_4": 103,
                                        "_id": "ed1afed"
                                    },
                                    {
                                        "iq_line_chart_value_3_4": 131,
                                        "_id": "82b6426"
                                    }
                                ],
                                "iq_line_chart_title_3_5": "Element 6",
                                "iq_line_value_list_3_1_5": [
                                    {
                                        "iq_line_chart_value_3_5": 75,
                                        "_id": "21d8545"
                                    },
                                    {
                                        "iq_line_chart_value_3_5": 34,
                                        "_id": "750b541"
                                    },
                                    {
                                        "iq_line_chart_value_3_5": 102,
                                        "_id": "833d561"
                                    },
                                    {
                                        "iq_line_chart_value_3_5": 51,
                                        "_id": "f7d3c07"
                                    },
                                    {
                                        "iq_line_chart_value_3_5": 26,
                                        "_id": "68231d5"
                                    },
                                    {
                                        "iq_line_chart_value_3_5": 166,
                                        "_id": "b1d082d"
                                    }
                                ],
                                "iq_line_value_list_3_2_5": [
                                    {
                                        "iq_line_chart_value_3_5": 55,
                                        "_id": "f75ae6a"
                                    },
                                    {
                                        "iq_line_chart_value_3_5": -20,
                                        "_id": "ad90b4c"
                                    },
                                    {
                                        "iq_line_chart_value_3_5": 119,
                                        "_id": "8499a09"
                                    },
                                    {
                                        "iq_line_chart_value_3_5": 26,
                                        "_id": "770af23"
                                    },
                                    {
                                        "iq_line_chart_value_3_5": 126,
                                        "_id": "9e12724"
                                    },
                                    {
                                        "iq_line_chart_value_3_5": 165,
                                        "_id": "ca7bb29"
                                    }
                                ],
                                "iq_line_chart_title_3_6": "Element 7",
                                "iq_line_value_list_3_1_6": [
                                    {
                                        "iq_line_chart_value_3_6": 88,
                                        "_id": "74cc664"
                                    },
                                    {
                                        "iq_line_chart_value_3_6": 110,
                                        "_id": "784669e"
                                    },
                                    {
                                        "iq_line_chart_value_3_6": 11,
                                        "_id": "eb64eb9"
                                    },
                                    {
                                        "iq_line_chart_value_3_6": 123,
                                        "_id": "6256fb6"
                                    },
                                    {
                                        "iq_line_chart_value_3_6": 133,
                                        "_id": "5f6fadb"
                                    },
                                    {
                                        "iq_line_chart_value_3_6": 57,
                                        "_id": "4be1ea0"
                                    }
                                ],
                                "iq_line_value_list_3_2_6": [
                                    {
                                        "iq_line_chart_value_3_6": -40,
                                        "_id": "88b76e2"
                                    },
                                    {
                                        "iq_line_chart_value_3_6": -74,
                                        "_id": "4922c70"
                                    },
                                    {
                                        "iq_line_chart_value_3_6": 166,
                                        "_id": "cf5171d"
                                    },
                                    {
                                        "iq_line_chart_value_3_6": -30,
                                        "_id": "07a5629"
                                    },
                                    {
                                        "iq_line_chart_value_3_6": 194,
                                        "_id": "42c0b37"
                                    },
                                    {
                                        "iq_line_chart_value_3_6": 167,
                                        "_id": "70a90f9"
                                    }
                                ],
                                "iq_line_chart_title_3_7": "Element 8",
                                "iq_line_value_list_3_1_7": [
                                    {
                                        "iq_line_chart_value_3_7": 56,
                                        "_id": "79365d7"
                                    },
                                    {
                                        "iq_line_chart_value_3_7": 92,
                                        "_id": "4c86896"
                                    },
                                    {
                                        "iq_line_chart_value_3_7": 154,
                                        "_id": "9ea859f"
                                    },
                                    {
                                        "iq_line_chart_value_3_7": 106,
                                        "_id": "a1f1cda"
                                    },
                                    {
                                        "iq_line_chart_value_3_7": 124,
                                        "_id": "0416e95"
                                    },
                                    {
                                        "iq_line_chart_value_3_7": 95,
                                        "_id": "7060bc3"
                                    }
                                ],
                                "iq_line_value_list_3_2_7": [
                                    {
                                        "iq_line_chart_value_3_7": 177,
                                        "_id": "b88e245"
                                    },
                                    {
                                        "iq_line_chart_value_3_7": 17,
                                        "_id": "2225967"
                                    },
                                    {
                                        "iq_line_chart_value_3_7": 90,
                                        "_id": "6ef91b4"
                                    },
                                    {
                                        "iq_line_chart_value_3_7": -56,
                                        "_id": "0f2d00c"
                                    },
                                    {
                                        "iq_line_chart_value_3_7": 55,
                                        "_id": "c1c5561"
                                    },
                                    {
                                        "iq_line_chart_value_3_7": 137,
                                        "_id": "48c4afd"
                                    }
                                ],
                                "iq_line_chart_title_3_8": "Element 9",
                                "iq_line_value_list_3_1_8": [
                                    {
                                        "iq_line_chart_value_3_8": 67,
                                        "_id": "8b071f4"
                                    },
                                    {
                                        "iq_line_chart_value_3_8": 116,
                                        "_id": "73ec4f6"
                                    },
                                    {
                                        "iq_line_chart_value_3_8": 45,
                                        "_id": "8af2624"
                                    },
                                    {
                                        "iq_line_chart_value_3_8": 183,
                                        "_id": "5b7d4a6"
                                    },
                                    {
                                        "iq_line_chart_value_3_8": 44,
                                        "_id": "25b3b2b"
                                    },
                                    {
                                        "iq_line_chart_value_3_8": 14,
                                        "_id": "7fa0cb9"
                                    }
                                ],
                                "iq_line_value_list_3_2_8": [
                                    {
                                        "iq_line_chart_value_3_8": -191,
                                        "_id": "028ba26"
                                    },
                                    {
                                        "iq_line_chart_value_3_8": -27,
                                        "_id": "b435410"
                                    },
                                    {
                                        "iq_line_chart_value_3_8": 56,
                                        "_id": "64817d8"
                                    },
                                    {
                                        "iq_line_chart_value_3_8": 41,
                                        "_id": "3584c69"
                                    },
                                    {
                                        "iq_line_chart_value_3_8": -187,
                                        "_id": "95582c9"
                                    },
                                    {
                                        "iq_line_chart_value_3_8": 130,
                                        "_id": "bbed58c"
                                    }
                                ],
                                "iq_line_chart_title_3_9": "Element 10",
                                "iq_line_value_list_3_1_9": [
                                    {
                                        "iq_line_chart_value_3_9": 115,
                                        "_id": "34cded0"
                                    },
                                    {
                                        "iq_line_chart_value_3_9": 191,
                                        "_id": "9ec08c2"
                                    },
                                    {
                                        "iq_line_chart_value_3_9": 82,
                                        "_id": "efc4b83"
                                    },
                                    {
                                        "iq_line_chart_value_3_9": 163,
                                        "_id": "dcb0723"
                                    },
                                    {
                                        "iq_line_chart_value_3_9": 155,
                                        "_id": "95f780d"
                                    },
                                    {
                                        "iq_line_chart_value_3_9": 100,
                                        "_id": "d6456d4"
                                    }
                                ],
                                "iq_line_value_list_3_2_9": [
                                    {
                                        "iq_line_chart_value_3_9": -52,
                                        "_id": "9142557"
                                    },
                                    {
                                        "iq_line_chart_value_3_9": -102,
                                        "_id": "4dc223f"
                                    },
                                    {
                                        "iq_line_chart_value_3_9": 156,
                                        "_id": "ff89c4c"
                                    },
                                    {
                                        "iq_line_chart_value_3_9": 88,
                                        "_id": "aed46a4"
                                    },
                                    {
                                        "iq_line_chart_value_3_9": -90,
                                        "_id": "0c37d54"
                                    },
                                    {
                                        "iq_line_chart_value_3_9": 5,
                                        "_id": "420af71"
                                    }
                                ],
                                "iq_line_card_title_align": "center",
                                "iq_line_card_title_font_color": "#FFFFFF",
                                "iq_line_card_subtitle_font_color": "#FFFFFF",
                                "iq_line_card_background_background": "classic",
                                "iq_line_card_background_color": "#02010100",
                                "iq_line_chart_font_color": "#FFFFFF",
                                "iq_line_chart_background_background": "classic",
                                "iq_line_chart_background_color": "#FFFFFF00",
                                "iq_line_chart_box_shadow_box_shadow_type": "yes",
                                "iq_line_chart_box_shadow_box_shadow": {
                                    "horizontal": 0,
                                    "vertical": 0,
                                    "blur": 0,
                                    "spread": 0,
                                    "color": "rgba(0,0,0,0.5)"
                                },
                                "iq_line_chart_border_border": "solid",
                                "iq_line_chart_border_width": {
                                    "unit": "px",
                                    "top": "0",
                                    "right": "0",
                                    "bottom": "0",
                                    "left": "0",
                                    "isLinked": true
                                },
                                "ha_advanced_tooltip_content": "I am a tooltip",
                                "_animation": "fadeInUp",
                                "__globals__": {
                                    "iq_line_chart_gradient_1_0": "",
                                    "iq_line_chart_gradient_2_0": "",
                                    "iq_line_chart_gradient_1_1": "",
                                    "iq_line_chart_gradient_2_1": "",
                                    "iq_line_card_title_typography_typography": "globals\/typography?id=primary"
                                }
                            },
                            "elements": [],
                            "isInner": false,
                            "widgetType": "line_chart",
                            "elType": "widget"
                        }
                    ],
                    "isInner": false,
                    "elType": "column"
                }
            ],
            "isInner": false,
            "elType": "section"
        },
        {
            "id": "1b27791b",
            "settings": {
                "margin": {
                    "unit": "px",
                    "top": "70",
                    "right": 0,
                    "bottom": "0",
                    "left": 0,
                    "isLinked": false
                },
                "margin_tablet": {
                    "unit": "px",
                    "top": "80",
                    "right": 0,
                    "bottom": "0",
                    "left": 0,
                    "isLinked": false
                },
                "padding_tablet": {
                    "unit": "px",
                    "top": "80",
                    "right": "30",
                    "bottom": "80",
                    "left": "30",
                    "isLinked": false
                },
                "background_background": "classic",
                "background_overlay_background": "classic",
                "background_overlay_image": {
                    "url": "https:\/\/kinforce.net\/cripto\/wp-content\/uploads\/2021\/08\/picture-of-golden-bitcoin-lying-on-the-display-wit-GRDMHE7.jpg",
                    "id": 260,
                    "alt": "",
                    "source": "library"
                },
                "background_overlay_position": "center right",
                "background_overlay_attachment": "fixed",
                "background_overlay_repeat": "no-repeat",
                "background_overlay_size": "cover",
                "background_overlay_opacity": {
                    "unit": "px",
                    "size": 0.1000000000000000055511151231257827021181583404541015625,
                    "sizes": []
                },
                "padding": {
                    "unit": "px",
                    "top": "100",
                    "right": "0",
                    "bottom": "110",
                    "left": "0",
                    "isLinked": false
                },
                "margin_mobile": {
                    "unit": "px",
                    "top": "50",
                    "right": 0,
                    "bottom": "0",
                    "left": 0,
                    "isLinked": false
                }
            },
            "elements": [
                {
                    "id": "17d1cc55",
                    "settings": {
                        "_column_size": 100,
                        "_inline_size": null
                    },
                    "elements": [
                        {
                            "id": "316549f0",
                            "settings": {
                                "title": "Run your ICO from anytime",
                                "header_size": "h5",
                                "align": "center",
                                "ha_advanced_tooltip_content": "I am a tooltip",
                                "_animation": "fadeInDown",
                                "__globals__": {
                                    "title_color": "globals\/colors?id=92bfebb"
                                }
                            },
                            "elements": [],
                            "isInner": false,
                            "widgetType": "heading",
                            "elType": "widget"
                        },
                        {
                            "id": "4f72c488",
                            "settings": {
                                "title": "Special Offer - 30% Off for this Month",
                                "align": "center",
                                "ha_advanced_tooltip_content": "I am a tooltip",
                                "_animation": "fadeInUp"
                            },
                            "elements": [],
                            "isInner": false,
                            "widgetType": "heading",
                            "elType": "widget"
                        },
                        {
                            "id": "749d7c2e",
                            "settings": {
                                "text": "Join & Buy Token Now",
                                "align": "center",
                                "_margin": {
                                    "unit": "px",
                                    "top": "20",
                                    "right": "0",
                                    "bottom": "0",
                                    "left": "0",
                                    "isLinked": false
                                },
                                "ha_advanced_tooltip_content": "I am a tooltip",
                                "_animation": "fadeInUp",
                                "_animation_delay": 100,
                                "typography_typography": "custom",
                                "typography_font_family": "Poppins",
                                "typography_font_size_mobile": {
                                    "unit": "px",
                                    "size": 14,
                                    "sizes": []
                                },
                                "typography_font_weight": "600"
                            },
                            "elements": [],
                            "isInner": false,
                            "widgetType": "button",
                            "elType": "widget"
                        }
                    ],
                    "isInner": false,
                    "elType": "column"
                }
            ],
            "isInner": false,
            "elType": "section"
        },
        {
            "id": "502f0b9f",
            "settings": {
                "margin": {
                    "unit": "px",
                    "top": "100",
                    "right": 0,
                    "bottom": "0",
                    "left": 0,
                    "isLinked": false
                }
            },
            "elements": [
                {
                    "id": "d2be6b5",
                    "settings": {
                        "_column_size": 100,
                        "_inline_size": null
                    },
                    "elements": [
                        {
                            "id": "3cdc3450",
                            "settings": {
                                "title": "Latest News",
                                "align": "center",
                                "ha_advanced_tooltip_content": "I am a tooltip",
                                "_animation": "fadeInDown"
                            },
                            "elements": [],
                            "isInner": false,
                            "widgetType": "heading",
                            "elType": "widget"
                        }
                    ],
                    "isInner": false,
                    "elType": "column"
                }
            ],
            "isInner": false,
            "elType": "section"
        },
        {
            "id": "4d8742a6",
            "settings": {
                "structure": "20",
                "margin": {
                    "unit": "px",
                    "top": "20",
                    "right": 0,
                    "bottom": "0",
                    "left": 0,
                    "isLinked": false
                },
                "content_position": "middle",
                "padding_tablet": {
                    "unit": "px",
                    "top": "0",
                    "right": "30",
                    "bottom": "0",
                    "left": "30",
                    "isLinked": false
                }
            },
            "elements": [
                {
                    "id": "5a917009",
                    "settings": {
                        "_column_size": 50,
                        "_inline_size": null,
                        "_inline_size_tablet": 40
                    },
                    "elements": [
                        {
                            "id": "6f7db3a2",
                            "settings": {
                                "image": {
                                    "url": "https:\/\/kinforce.net\/cripto\/wp-content\/uploads\/2021\/08\/freepik-isometric-glowing-business-analytics-icons-set_2.png",
                                    "id": 369,
                                    "alt": "",
                                    "source": "library"
                                },
                                "ha_advanced_tooltip_content": "I am a tooltip",
                                "_animation": "fadeInLeft",
                                "_animation_delay": 100
                            },
                            "elements": [],
                            "isInner": false,
                            "widgetType": "image",
                            "elType": "widget"
                        }
                    ],
                    "isInner": false,
                    "elType": "column"
                },
                {
                    "id": "3dfe3350",
                    "settings": {
                        "_column_size": 50,
                        "_inline_size": null,
                        "_inline_size_tablet": 60
                    },
                    "elements": [
                        {
                            "id": "5ef3a74d",
                            "settings": {
                                "selected_list_post": [],
                                "selected_list_page": [],
                                "selected_list_e-landing-page": [],
                                "feature_image": "yes",
                                "meta": "yes",
                                "author_meta": "yes",
                                "author_icon": {
                                    "value": "hm hm-user-female",
                                    "library": "happy-icons"
                                },
                                "date_meta": "yes",
                                "date_icon": {
                                    "value": "icon icon-calendar1",
                                    "library": "ekiticons"
                                },
                                "image_width": {
                                    "unit": "px",
                                    "size": 122,
                                    "sizes": []
                                },
                                "image_boder_radius": {
                                    "unit": "%",
                                    "top": "50",
                                    "right": "50",
                                    "bottom": "50",
                                    "left": "50",
                                    "isLinked": true
                                },
                                "icon_margin_right": {
                                    "unit": "px",
                                    "size": 40,
                                    "sizes": []
                                },
                                "meta_space": {
                                    "unit": "px",
                                    "size": 20,
                                    "sizes": []
                                },
                                "meta_box_margin": {
                                    "unit": "px",
                                    "top": "10",
                                    "right": "0",
                                    "bottom": "0",
                                    "left": "0",
                                    "isLinked": false
                                },
                                "meta_icon_space": {
                                    "unit": "px",
                                    "size": 10,
                                    "sizes": []
                                },
                                "ha_advanced_tooltip_content": "I am a tooltip",
                                "__globals__": {
                                    "title_typography_typography": "",
                                    "meta_typography_typography": "globals\/typography?id=text",
                                    "meta_color": "globals\/colors?id=92bfebb",
                                    "title_hvr_color": "globals\/colors?id=secondary"
                                },
                                "list_item_margin": {
                                    "unit": "px",
                                    "top": "0",
                                    "right": "0",
                                    "bottom": "40",
                                    "left": "0",
                                    "isLinked": false
                                },
                                "_animation": "fadeInRight",
                                "_animation_delay": 100,
                                "title_typography_typography": "custom",
                                "title_typography_font_family": "Poppins",
                                "title_typography_font_size": {
                                    "unit": "px",
                                    "size": 20,
                                    "sizes": []
                                },
                                "title_typography_font_size_tablet": {
                                    "unit": "px",
                                    "size": 14,
                                    "sizes": []
                                },
                                "title_typography_font_weight": "600",
                                "title_typography_line_height_tablet": {
                                    "unit": "em",
                                    "size": 1.8000000000000000444089209850062616169452667236328125,
                                    "sizes": []
                                },
                                "title_hvr_color": "#EC5046",
                                "image_width_mobile": {
                                    "unit": "px",
                                    "size": 0,
                                    "sizes": []
                                },
                                "icon_margin_right_tablet": {
                                    "unit": "px",
                                    "size": 30,
                                    "sizes": []
                                },
                                "icon_margin_right_mobile": {
                                    "unit": "px",
                                    "size": 0,
                                    "sizes": []
                                },
                                "meta_typography_typography": "custom",
                                "meta_typography_font_family": "Rubik",
                                "meta_typography_font_weight": "400",
                                "meta_color": "#2DE4C1",
                                "meta_space_tablet": {
                                    "unit": "px",
                                    "size": 10,
                                    "sizes": []
                                },
                                "meta_icon_space_tablet": {
                                    "unit": "px",
                                    "size": 7,
                                    "sizes": []
                                }
                            },
                            "elements": [],
                            "isInner": false,
                            "widgetType": "ha-post-list",
                            "elType": "widget"
                        }
                    ],
                    "isInner": false,
                    "elType": "column"
                }
            ],
            "isInner": false,
            "elType": "section"
        }
    ],
    "page_settings": {
        "ha_grid_zindex": "1000",
        "template": "elementor_canvas"
    }
}