{
    "version": "0.4",
    "title": "Team Section",
    "type": "section",
    "metadata": {
        "template_type": "section-team",
        "include_in_zip": "1",
        "elementor_pro_required": null,
        "wp_page_template": "elementor_canvas"
    },
    "content": [
        {
            "id": "e26298c",
            "settings": {
                "margin": {
                    "unit": "px",
                    "top": "110",
                    "right": 0,
                    "bottom": "0",
                    "left": 0,
                    "isLinked": false
                },
                "padding_tablet": {
                    "unit": "px",
                    "top": "0",
                    "right": "30",
                    "bottom": "0",
                    "left": "30",
                    "isLinked": false
                }
            },
            "elements": [
                {
                    "id": "35b56f29",
                    "settings": {
                        "_column_size": 100,
                        "_inline_size": null
                    },
                    "elements": [
                        {
                            "id": "7a5dd654",
                            "settings": {
                                "title": "Meet Our Advisory Board",
                                "align": "center",
                                "_margin": {
                                    "unit": "px",
                                    "top": "0",
                                    "right": "0",
                                    "bottom": "0",
                                    "left": "0",
                                    "isLinked": false
                                },
                                "ha_advanced_tooltip_content": "I am a tooltip",
                                "_animation": "fadeInDown"
                            },
                            "elements": [],
                            "isInner": false,
                            "widgetType": "heading",
                            "elType": "widget"
                        }
                    ],
                    "isInner": false,
                    "elType": "column"
                }
            ],
            "isInner": false,
            "elType": "section"
        },
        {
            "id": "403f62ec",
            "settings": {
                "structure": "30",
                "margin": {
                    "unit": "px",
                    "top": "130",
                    "right": 0,
                    "bottom": "0",
                    "left": 0,
                    "isLinked": false
                },
                "padding_tablet": {
                    "unit": "px",
                    "top": "0",
                    "right": "30",
                    "bottom": "0",
                    "left": "30",
                    "isLinked": false
                }
            },
            "elements": [
                {
                    "id": "71fc0b62",
                    "settings": {
                        "_column_size": 33,
                        "_inline_size": null,
                        "animation": "fadeInUp",
                        "animation_delay": 100
                    },
                    "elements": [
                        {
                            "id": "641411f2",
                            "settings": {
                                "margin_mobile": {
                                    "unit": "px",
                                    "top": "",
                                    "right": 0,
                                    "bottom": "",
                                    "left": 0,
                                    "isLinked": true
                                }
                            },
                            "elements": [
                                {
                                    "id": "303d2e4b",
                                    "settings": {
                                        "_column_size": 100,
                                        "_inline_size": null,
                                        "background_background": "classic",
                                        "background_color": "#270B40",
                                        "border_radius": {
                                            "unit": "px",
                                            "top": "30",
                                            "right": "30",
                                            "bottom": "0",
                                            "left": "0",
                                            "isLinked": false
                                        }
                                    },
                                    "elements": [
                                        {
                                            "id": "60562813",
                                            "settings": {
                                                "image": {
                                                    "url": "https:\/\/kinforce.net\/cripto\/wp-content\/uploads\/2021\/08\/black-businessman-wearing-suit-and-tie-smiling-H2WS7A6.png",
                                                    "id": 535,
                                                    "alt": "",
                                                    "source": "library"
                                                },
                                                "image_size": "full",
                                                "_margin": {
                                                    "unit": "px",
                                                    "top": "-120",
                                                    "right": "0",
                                                    "bottom": "-10",
                                                    "left": "0",
                                                    "isLinked": false
                                                },
                                                "_z_index": 5,
                                                "ha_advanced_tooltip_content": "I am a tooltip"
                                            },
                                            "elements": [],
                                            "isInner": false,
                                            "widgetType": "image",
                                            "elType": "widget"
                                        }
                                    ],
                                    "isInner": true,
                                    "elType": "column"
                                }
                            ],
                            "isInner": true,
                            "elType": "section"
                        },
                        {
                            "id": "61a7822c",
                            "settings": {
                                "ekit_icon_box_enable_header_icon": "none",
                                "ekit_icon_box_title_text": "Harrison Hudson",
                                "ekit_icon_box_description_text": "Board Chairman",
                                "ekit_icon_box_btn_text": "Learn more ",
                                "ekit_icon_box_text_align_responsive": "center",
                                "ekit_icon_box_title_size": "h6",
                                "ekit_icon_box_badge_title": "EXCLUSIVE",
                                "ekit_icon_box_infobox_bg_group_background": "classic",
                                "ekit_icon_box_infobox_bg_group_color": "#2B0C47",
                                "ekit_icon_box_infobox_bg_group_color_b": "#E702BF",
                                "ekit_icon_box_infobox_bg_group_gradient_angle": {
                                    "unit": "deg",
                                    "size": 90,
                                    "sizes": []
                                },
                                "ekit_icon_box_infobox_bg_padding": {
                                    "unit": "px",
                                    "top": "35",
                                    "right": "20",
                                    "bottom": "25",
                                    "left": "20",
                                    "isLinked": false
                                },
                                "ekit_icon_box_iocnbox_border_group_border": "solid",
                                "ekit_icon_box_iocnbox_border_group_width": {
                                    "unit": "px",
                                    "top": "0",
                                    "right": "0",
                                    "bottom": "0",
                                    "left": "0",
                                    "isLinked": true
                                },
                                "ekit_icon_box_infobox_border_radious": {
                                    "unit": "px",
                                    "top": "0",
                                    "right": "0",
                                    "bottom": "30",
                                    "left": "30",
                                    "isLinked": false
                                },
                                "ekit_icon_box_infobox_bg_hover_group_background": "gradient",
                                "ekit_icon_box_infobox_bg_hover_group_gradient_angle": {
                                    "unit": "deg",
                                    "size": 90,
                                    "sizes": []
                                },
                                "ekit_icon_title_bottom_space": {
                                    "unit": "px",
                                    "top": "0",
                                    "right": "0",
                                    "bottom": "5",
                                    "left": "0",
                                    "isLinked": false,
                                    "size": "20"
                                },
                                "ekit_icon_title_color": "#FFFFFF",
                                "ekit_icon_title_color_hover": "#FFFFFF",
                                "ekit_icon_description_color": "#EC5046",
                                "ekit_icon_description_color_hover": "#FFFFFF",
                                "ha_advanced_tooltip_content": "I am a tooltip",
                                "__globals__": {
                                    "ekit_icon_box_infobox_bg_group_color": "globals\/colors?id=fba7e5c",
                                    "ekit_icon_title_color": "globals\/colors?id=primary",
                                    "ekit_icon_title_color_hover": "globals\/colors?id=text",
                                    "ekit_icon_description_color": "globals\/colors?id=secondary",
                                    "ekit_icon_description_color_hover": "globals\/colors?id=primary",
                                    "ekit_icon_box_infobox_bg_group_color_b": "globals\/colors?id=103493d",
                                    "ekit_icon_title_typography_group_typography": "globals\/typography?id=b3f2cab",
                                    "ekit_icon_description_typography_group_typography": "globals\/typography?id=9758d28",
                                    "ekit_icon_box_infobox_bg_hover_group_color": "globals\/colors?id=secondary",
                                    "ekit_icon_box_infobox_bg_hover_group_color_b": "globals\/colors?id=103493d",
                                    "ekit_icon_box_watermark_color": ""
                                },
                                "ekit_icon_box_enable_water_mark": "yes",
                                "ekit_icon_box_water_mark_icons": {
                                    "value": "hm hm-team-member",
                                    "library": "happy-icons"
                                },
                                "ekit_icon_box_infobox_bg_hover_group_color": "#EC5046",
                                "ekit_icon_box_infobox_bg_hover_group_color_b": "#E702BF",
                                "ekit_icon_title_typography_group_typography": "custom",
                                "ekit_icon_title_typography_group_font_family": "Poppins",
                                "ekit_icon_title_typography_group_font_size": {
                                    "unit": "px",
                                    "size": 18,
                                    "sizes": []
                                },
                                "ekit_icon_title_typography_group_font_weight": "700",
                                "ekit_icon_description_typography_group_typography": "custom",
                                "ekit_icon_description_typography_group_font_family": "Rubik",
                                "ekit_icon_description_typography_group_font_size": {
                                    "unit": "px",
                                    "size": 14,
                                    "sizes": []
                                },
                                "ekit_icon_box_watermark_color": "#FFFFFF4D",
                                "ekit_icon_box_watermark_font_size": {
                                    "unit": "px",
                                    "size": 70,
                                    "sizes": []
                                },
                                "ekit_icon_box_watermark_font_size_tablet": {
                                    "unit": "px",
                                    "size": 50,
                                    "sizes": []
                                }
                            },
                            "elements": [],
                            "isInner": false,
                            "widgetType": "elementskit-icon-box",
                            "elType": "widget"
                        }
                    ],
                    "isInner": false,
                    "elType": "column"
                },
                {
                    "id": "36ff6f04",
                    "settings": {
                        "_column_size": 33,
                        "_inline_size": null,
                        "animation": "fadeInUp",
                        "animation_delay": 200
                    },
                    "elements": [
                        {
                            "id": "3f25a716",
                            "settings": {
                                "margin_mobile": {
                                    "unit": "px",
                                    "top": "150",
                                    "right": 0,
                                    "bottom": "0",
                                    "left": 0,
                                    "isLinked": false
                                }
                            },
                            "elements": [
                                {
                                    "id": "33a2815f",
                                    "settings": {
                                        "_column_size": 100,
                                        "_inline_size": null,
                                        "background_background": "classic",
                                        "background_color": "#270B40",
                                        "border_radius": {
                                            "unit": "px",
                                            "top": "30",
                                            "right": "30",
                                            "bottom": "0",
                                            "left": "0",
                                            "isLinked": false
                                        }
                                    },
                                    "elements": [
                                        {
                                            "id": "79d7f54a",
                                            "settings": {
                                                "image": {
                                                    "url": "https:\/\/kinforce.net\/cripto\/wp-content\/uploads\/2021\/08\/businesswoman-portrait-8U9PJNY.png",
                                                    "id": 536,
                                                    "alt": "",
                                                    "source": "library"
                                                },
                                                "image_size": "full",
                                                "_margin": {
                                                    "unit": "px",
                                                    "top": "-120",
                                                    "right": "0",
                                                    "bottom": "-10",
                                                    "left": "0",
                                                    "isLinked": false
                                                },
                                                "_z_index": 5,
                                                "ha_advanced_tooltip_content": "I am a tooltip",
                                                "_margin_tablet": {
                                                    "unit": "px",
                                                    "top": "-133",
                                                    "right": "0",
                                                    "bottom": "-10",
                                                    "left": "0",
                                                    "isLinked": false
                                                }
                                            },
                                            "elements": [],
                                            "isInner": false,
                                            "widgetType": "image",
                                            "elType": "widget"
                                        }
                                    ],
                                    "isInner": true,
                                    "elType": "column"
                                }
                            ],
                            "isInner": true,
                            "elType": "section"
                        },
                        {
                            "id": "58721b7",
                            "settings": {
                                "ekit_icon_box_enable_header_icon": "none",
                                "ekit_icon_box_title_text": "Melissa Owens",
                                "ekit_icon_box_description_text": "Trading Technology",
                                "ekit_icon_box_btn_text": "Learn more ",
                                "ekit_icon_box_text_align_responsive": "center",
                                "ekit_icon_box_title_size": "h6",
                                "ekit_icon_box_badge_title": "EXCLUSIVE",
                                "ekit_icon_box_infobox_bg_group_background": "classic",
                                "ekit_icon_box_infobox_bg_group_color": "#2B0C47",
                                "ekit_icon_box_infobox_bg_group_color_b": "#E702BF",
                                "ekit_icon_box_infobox_bg_group_gradient_angle": {
                                    "unit": "deg",
                                    "size": 90,
                                    "sizes": []
                                },
                                "ekit_icon_box_infobox_bg_padding": {
                                    "unit": "px",
                                    "top": "35",
                                    "right": "20",
                                    "bottom": "25",
                                    "left": "20",
                                    "isLinked": false
                                },
                                "ekit_icon_box_iocnbox_border_group_border": "solid",
                                "ekit_icon_box_iocnbox_border_group_width": {
                                    "unit": "px",
                                    "top": "0",
                                    "right": "0",
                                    "bottom": "0",
                                    "left": "0",
                                    "isLinked": true
                                },
                                "ekit_icon_box_infobox_border_radious": {
                                    "unit": "px",
                                    "top": "0",
                                    "right": "0",
                                    "bottom": "30",
                                    "left": "30",
                                    "isLinked": false
                                },
                                "ekit_icon_box_infobox_bg_hover_group_background": "gradient",
                                "ekit_icon_box_infobox_bg_hover_group_gradient_angle": {
                                    "unit": "deg",
                                    "size": 90,
                                    "sizes": []
                                },
                                "ekit_icon_title_bottom_space": {
                                    "unit": "px",
                                    "top": "0",
                                    "right": "0",
                                    "bottom": "5",
                                    "left": "0",
                                    "isLinked": false,
                                    "size": "20"
                                },
                                "ekit_icon_title_color": "#FFFFFF",
                                "ekit_icon_title_color_hover": "#FFFFFF",
                                "ekit_icon_description_color": "#EC5046",
                                "ekit_icon_description_color_hover": "#FFFFFF",
                                "ha_advanced_tooltip_content": "I am a tooltip",
                                "__globals__": {
                                    "ekit_icon_box_infobox_bg_group_color": "globals\/colors?id=fba7e5c",
                                    "ekit_icon_title_color": "globals\/colors?id=primary",
                                    "ekit_icon_title_color_hover": "globals\/colors?id=text",
                                    "ekit_icon_description_color": "globals\/colors?id=secondary",
                                    "ekit_icon_description_color_hover": "globals\/colors?id=primary",
                                    "ekit_icon_box_infobox_bg_group_color_b": "globals\/colors?id=103493d",
                                    "ekit_icon_title_typography_group_typography": "globals\/typography?id=b3f2cab",
                                    "ekit_icon_description_typography_group_typography": "globals\/typography?id=9758d28",
                                    "ekit_icon_box_infobox_bg_hover_group_color": "globals\/colors?id=secondary",
                                    "ekit_icon_box_infobox_bg_hover_group_color_b": "globals\/colors?id=103493d",
                                    "ekit_icon_box_watermark_color": ""
                                },
                                "ekit_icon_box_enable_water_mark": "yes",
                                "ekit_icon_box_water_mark_icons": {
                                    "value": "hm hm-team-member",
                                    "library": "happy-icons"
                                },
                                "ekit_icon_box_infobox_bg_hover_group_color": "#EC5046",
                                "ekit_icon_box_infobox_bg_hover_group_color_b": "#E702BF",
                                "ekit_icon_title_typography_group_typography": "custom",
                                "ekit_icon_title_typography_group_font_family": "Poppins",
                                "ekit_icon_title_typography_group_font_size": {
                                    "unit": "px",
                                    "size": 18,
                                    "sizes": []
                                },
                                "ekit_icon_title_typography_group_font_weight": "700",
                                "ekit_icon_description_typography_group_typography": "custom",
                                "ekit_icon_description_typography_group_font_family": "Rubik",
                                "ekit_icon_description_typography_group_font_size": {
                                    "unit": "px",
                                    "size": 14,
                                    "sizes": []
                                },
                                "ekit_icon_box_watermark_color": "#FFFFFF4D",
                                "ekit_icon_box_watermark_font_size": {
                                    "unit": "px",
                                    "size": 70,
                                    "sizes": []
                                },
                                "ekit_icon_box_watermark_font_size_tablet": {
                                    "unit": "px",
                                    "size": 50,
                                    "sizes": []
                                }
                            },
                            "elements": [],
                            "isInner": false,
                            "widgetType": "elementskit-icon-box",
                            "elType": "widget"
                        }
                    ],
                    "isInner": false,
                    "elType": "column"
                },
                {
                    "id": "387eb1a8",
                    "settings": {
                        "_column_size": 33,
                        "_inline_size": null,
                        "animation": "fadeInUp",
                        "animation_delay": 300
                    },
                    "elements": [
                        {
                            "id": "75794e",
                            "settings": {
                                "margin_mobile": {
                                    "unit": "px",
                                    "top": "140",
                                    "right": 0,
                                    "bottom": "0",
                                    "left": 0,
                                    "isLinked": false
                                }
                            },
                            "elements": [
                                {
                                    "id": "f3ba448",
                                    "settings": {
                                        "_column_size": 100,
                                        "_inline_size": null,
                                        "background_background": "classic",
                                        "background_color": "#270B40",
                                        "border_radius": {
                                            "unit": "px",
                                            "top": "30",
                                            "right": "30",
                                            "bottom": "0",
                                            "left": "0",
                                            "isLinked": false
                                        }
                                    },
                                    "elements": [
                                        {
                                            "id": "346dcf5",
                                            "settings": {
                                                "image": {
                                                    "url": "https:\/\/kinforce.net\/cripto\/wp-content\/uploads\/2021\/08\/business-concept-portrait-handsome-business-man-co-YV9ABZR.png",
                                                    "id": 537,
                                                    "alt": "",
                                                    "source": "library"
                                                },
                                                "image_size": "full",
                                                "_margin": {
                                                    "unit": "px",
                                                    "top": "-131",
                                                    "right": "0",
                                                    "bottom": "-10",
                                                    "left": "0",
                                                    "isLinked": false
                                                },
                                                "_z_index": 5,
                                                "ha_advanced_tooltip_content": "I am a tooltip",
                                                "_margin_tablet": {
                                                    "unit": "px",
                                                    "top": "-115",
                                                    "right": "0",
                                                    "bottom": "-10",
                                                    "left": "0",
                                                    "isLinked": false
                                                }
                                            },
                                            "elements": [],
                                            "isInner": false,
                                            "widgetType": "image",
                                            "elType": "widget"
                                        }
                                    ],
                                    "isInner": true,
                                    "elType": "column"
                                }
                            ],
                            "isInner": true,
                            "elType": "section"
                        },
                        {
                            "id": "3a51d231",
                            "settings": {
                                "ekit_icon_box_enable_header_icon": "none",
                                "ekit_icon_box_title_text": "Pelican Steve",
                                "ekit_icon_box_description_text": "Organisation Design",
                                "ekit_icon_box_btn_text": "Learn more ",
                                "ekit_icon_box_text_align_responsive": "center",
                                "ekit_icon_box_title_size": "h6",
                                "ekit_icon_box_badge_title": "EXCLUSIVE",
                                "ekit_icon_box_infobox_bg_group_background": "classic",
                                "ekit_icon_box_infobox_bg_group_color": "#2B0C47",
                                "ekit_icon_box_infobox_bg_group_color_b": "#E702BF",
                                "ekit_icon_box_infobox_bg_group_gradient_angle": {
                                    "unit": "deg",
                                    "size": 90,
                                    "sizes": []
                                },
                                "ekit_icon_box_infobox_bg_padding": {
                                    "unit": "px",
                                    "top": "35",
                                    "right": "20",
                                    "bottom": "25",
                                    "left": "20",
                                    "isLinked": false
                                },
                                "ekit_icon_box_iocnbox_border_group_border": "solid",
                                "ekit_icon_box_iocnbox_border_group_width": {
                                    "unit": "px",
                                    "top": "0",
                                    "right": "0",
                                    "bottom": "0",
                                    "left": "0",
                                    "isLinked": true
                                },
                                "ekit_icon_box_infobox_border_radious": {
                                    "unit": "px",
                                    "top": "0",
                                    "right": "0",
                                    "bottom": "30",
                                    "left": "30",
                                    "isLinked": false
                                },
                                "ekit_icon_box_infobox_bg_hover_group_background": "gradient",
                                "ekit_icon_box_infobox_bg_hover_group_gradient_angle": {
                                    "unit": "deg",
                                    "size": 90,
                                    "sizes": []
                                },
                                "ekit_icon_title_bottom_space": {
                                    "unit": "px",
                                    "top": "0",
                                    "right": "0",
                                    "bottom": "5",
                                    "left": "0",
                                    "isLinked": false,
                                    "size": "20"
                                },
                                "ekit_icon_title_color": "#FFFFFF",
                                "ekit_icon_title_color_hover": "#FFFFFF",
                                "ekit_icon_description_color": "#EC5046",
                                "ekit_icon_description_color_hover": "#FFFFFF",
                                "ha_advanced_tooltip_content": "I am a tooltip",
                                "__globals__": {
                                    "ekit_icon_box_infobox_bg_group_color": "globals\/colors?id=fba7e5c",
                                    "ekit_icon_title_color": "globals\/colors?id=primary",
                                    "ekit_icon_title_color_hover": "globals\/colors?id=text",
                                    "ekit_icon_description_color": "globals\/colors?id=secondary",
                                    "ekit_icon_description_color_hover": "globals\/colors?id=primary",
                                    "ekit_icon_box_infobox_bg_group_color_b": "globals\/colors?id=103493d",
                                    "ekit_icon_title_typography_group_typography": "globals\/typography?id=b3f2cab",
                                    "ekit_icon_description_typography_group_typography": "globals\/typography?id=9758d28",
                                    "ekit_icon_box_infobox_bg_hover_group_color": "globals\/colors?id=secondary",
                                    "ekit_icon_box_infobox_bg_hover_group_color_b": "globals\/colors?id=103493d",
                                    "ekit_icon_box_watermark_color": ""
                                },
                                "ekit_icon_box_enable_water_mark": "yes",
                                "ekit_icon_box_water_mark_icons": {
                                    "value": "hm hm-team-member",
                                    "library": "happy-icons"
                                },
                                "ekit_icon_box_infobox_bg_hover_group_color": "#EC5046",
                                "ekit_icon_box_infobox_bg_hover_group_color_b": "#E702BF",
                                "ekit_icon_title_typography_group_typography": "custom",
                                "ekit_icon_title_typography_group_font_family": "Poppins",
                                "ekit_icon_title_typography_group_font_size": {
                                    "unit": "px",
                                    "size": 18,
                                    "sizes": []
                                },
                                "ekit_icon_title_typography_group_font_weight": "700",
                                "ekit_icon_description_typography_group_typography": "custom",
                                "ekit_icon_description_typography_group_font_family": "Rubik",
                                "ekit_icon_description_typography_group_font_size": {
                                    "unit": "px",
                                    "size": 14,
                                    "sizes": []
                                },
                                "ekit_icon_box_watermark_color": "#FFFFFF4D",
                                "ekit_icon_box_watermark_font_size": {
                                    "unit": "px",
                                    "size": 70,
                                    "sizes": []
                                },
                                "ekit_icon_box_watermark_font_size_tablet": {
                                    "unit": "px",
                                    "size": 50,
                                    "sizes": []
                                }
                            },
                            "elements": [],
                            "isInner": false,
                            "widgetType": "elementskit-icon-box",
                            "elType": "widget"
                        }
                    ],
                    "isInner": false,
                    "elType": "column"
                }
            ],
            "isInner": false,
            "elType": "section"
        }
    ],
    "page_settings": {
        "ha_grid_zindex": "1000",
        "template": "elementor_canvas"
    }
}