{
    "version": "0.4",
    "title": "Why Cripto Section",
    "type": "section",
    "metadata": {
        "template_type": "section-features",
        "include_in_zip": "1",
        "elementor_pro_required": null,
        "wp_page_template": "elementor_canvas"
    },
    "content": [
        {
            "id": "7fa5af1",
            "settings": {
                "margin": {
                    "unit": "px",
                    "top": "110",
                    "right": 0,
                    "bottom": "0",
                    "left": 0,
                    "isLinked": false
                },
                "padding_tablet": {
                    "unit": "px",
                    "top": "0",
                    "right": "30",
                    "bottom": "0",
                    "left": "30",
                    "isLinked": false
                }
            },
            "elements": [
                {
                    "id": "633fe807",
                    "settings": {
                        "_column_size": 100,
                        "_inline_size": null
                    },
                    "elements": [
                        {
                            "id": "1a1e32ca",
                            "settings": {
                                "title": "Why Cripto?",
                                "align": "center",
                                "ha_advanced_tooltip_content": "I am a tooltip",
                                "_animation": "fadeInDown"
                            },
                            "elements": [],
                            "isInner": false,
                            "widgetType": "heading",
                            "elType": "widget"
                        }
                    ],
                    "isInner": false,
                    "elType": "column"
                }
            ],
            "isInner": false,
            "elType": "section"
        },
        {
            "id": "38e08b68",
            "settings": {
                "structure": "20",
                "margin": {
                    "unit": "px",
                    "top": "20",
                    "right": 0,
                    "bottom": "0",
                    "left": 0,
                    "isLinked": false
                },
                "padding_mobile": {
                    "unit": "px",
                    "top": "0",
                    "right": "30",
                    "bottom": "0",
                    "left": "30",
                    "isLinked": false
                }
            },
            "elements": [
                {
                    "id": "143ec61b",
                    "settings": {
                        "_column_size": 50,
                        "_inline_size": null,
                        "animation": "fadeInUp"
                    },
                    "elements": [
                        {
                            "id": "aa84ff5",
                            "settings": {
                                "ekit_icon_box_enable_header_icon": "image",
                                "ekit_icon_box_header_image": {
                                    "url": "https:\/\/kinforce.net\/cripto\/wp-content\/uploads\/2021\/08\/elements-30-cryptocurrency-icons-flat-ZBZ8VZC_4.png",
                                    "id": 517,
                                    "alt": "",
                                    "source": "library"
                                },
                                "ekit_icon_box_title_text": "Variety of Currencies",
                                "ekit_icon_box_description_text": "Lorem ipsum dolor sit amet, viverra lacus, pretium leo massa nec massa tristique venenatis.",
                                "ekit_icon_box_enable_btn": "",
                                "ekit_icon_box_btn_text": "Read More ",
                                "ekit_icon_box_badge_title": "EXCLUSIVE",
                                "ekit_icon_box_infobox_bg_group_background": "classic",
                                "ekit_icon_box_infobox_bg_group_color": "#2B0C4700",
                                "ekit_icon_box_iocnbox_border_group_border": "solid",
                                "ekit_icon_box_iocnbox_border_group_width": {
                                    "unit": "px",
                                    "top": "0",
                                    "right": "0",
                                    "bottom": "0",
                                    "left": "0",
                                    "isLinked": true
                                },
                                "ekit_icon_box_infobox_border_radious": {
                                    "unit": "px",
                                    "top": "20",
                                    "right": "20",
                                    "bottom": "20",
                                    "left": "20",
                                    "isLinked": true
                                },
                                "ekit_icon_title_color": "#FFFFFF",
                                "ekit_icon_title_color_hover": "#FFFFFF",
                                "ekit_icon_description_color": "#FFFFFF",
                                "ekit_icon_description_color_hover": "#FFFFFF",
                                "ha_advanced_tooltip_content": "I am a tooltip",
                                "__globals__": {
                                    "ekit_icon_box_infobox_bg_group_color": "",
                                    "ekit_icon_title_color": "globals\/colors?id=primary",
                                    "ekit_icon_title_color_hover": "globals\/colors?id=text",
                                    "ekit_icon_description_color": "globals\/colors?id=primary",
                                    "ekit_icon_description_color_hover": "globals\/colors?id=primary",
                                    "ekit_icon_description_typography_group_typography": "globals\/typography?id=text",
                                    "ekit_icon_title_typography_group_typography": "globals\/typography?id=354f741",
                                    "ekit_icon_box_btn_hover_color": "globals\/colors?id=103493d",
                                    "ekit_icon_box_button_text_color": "globals\/colors?id=secondary",
                                    "ekit_icon_box_typography_group_typography": "globals\/typography?id=text",
                                    "ekit_icon_box_infobox_bg_hover_group_color": "globals\/colors?id=fba7e5c",
                                    "ekit_icon_box_icon_box_border_hv_group_color": "globals\/colors?id=103493d"
                                },
                                "ekit_icon_title_bottom_space": {
                                    "unit": "px",
                                    "top": "0",
                                    "right": "0",
                                    "bottom": "20",
                                    "left": "0",
                                    "isLinked": false,
                                    "size": "20"
                                },
                                "ekit_icon_box_infobox_bg_padding": {
                                    "unit": "px",
                                    "top": "0",
                                    "right": "0",
                                    "bottom": "0",
                                    "left": "40",
                                    "isLinked": false
                                },
                                "ekit_icon_box_enable_hover_btn": "",
                                "ekit_icon_box_icons": {
                                    "value": "icon icon-arrow-right",
                                    "library": "ekiticons"
                                },
                                "ekit_icon_box_icon_align": "right",
                                "ekit_icon_box_text_align_responsive": "left",
                                "ekit_icon_box_iocnbox_border_group_color": "#02010100",
                                "ekit_icon_box_icon_box_border_hv_group_width": {
                                    "unit": "px",
                                    "top": "0",
                                    "right": "0",
                                    "bottom": "1",
                                    "left": "0",
                                    "isLinked": false
                                },
                                "ekit_icon_title_typography_group_typography": "custom",
                                "ekit_icon_title_typography_group_font_family": "Poppins",
                                "ekit_icon_title_typography_group_font_size": {
                                    "unit": "px",
                                    "size": 20,
                                    "sizes": []
                                },
                                "ekit_icon_title_typography_group_font_weight": "700",
                                "ekit_icon_description_typography_group_typography": "custom",
                                "ekit_icon_description_typography_group_font_family": "Rubik",
                                "ekit_icon_description_typography_group_font_weight": "400",
                                "ekit_icon_box_margin": {
                                    "unit": "px",
                                    "top": "0",
                                    "right": "0",
                                    "bottom": "15",
                                    "left": "0",
                                    "isLinked": false,
                                    "size": 15
                                },
                                "ekit_icon_box_text_padding": {
                                    "unit": "px",
                                    "top": "0",
                                    "right": "0",
                                    "bottom": "0",
                                    "left": "0",
                                    "isLinked": false
                                },
                                "ekit_icon_box_typography_group_typography": "custom",
                                "ekit_icon_box_typography_group_font_family": "Rubik",
                                "ekit_icon_box_typography_group_font_weight": "400",
                                "ekit_icon_box_button_text_color": "#EC5046",
                                "ekit_icon_box_btn_background_group_background": "classic",
                                "ekit_icon_box_btn_background_group_color": "#02010100",
                                "ekit_icon_box_btn_hover_color": "#E702BF",
                                "ekit_icon_box_infobox_bg_padding_tablet": {
                                    "unit": "px",
                                    "top": "30",
                                    "right": "20",
                                    "bottom": "30",
                                    "left": "20",
                                    "isLinked": false
                                },
                                "ekit_icon_box_icon_position": "left",
                                "ekit_icon_box_infobox_bg_group_image": {
                                    "url": "",
                                    "id": "",
                                    "alt": "",
                                    "source": "library"
                                },
                                "ekit_icon_box_infobox_bg_padding_mobile": {
                                    "unit": "px",
                                    "top": "0",
                                    "right": "0",
                                    "bottom": "0",
                                    "left": "0",
                                    "isLinked": false
                                },
                                "ekit_icon_box_icon_space": {
                                    "unit": "px",
                                    "top": "10",
                                    "right": "40",
                                    "bottom": "0",
                                    "left": "0",
                                    "isLinked": false
                                },
                                "ekit_icon_box_icon_space_mobile": {
                                    "unit": "px",
                                    "top": "10",
                                    "right": "20",
                                    "bottom": "0",
                                    "left": "0",
                                    "isLinked": false
                                },
                                "ekit_icon_box_icon_height_mobile": {
                                    "unit": "px",
                                    "size": 50,
                                    "sizes": []
                                },
                                "ekit_icon_box_icon_width_mobile": {
                                    "unit": "px",
                                    "size": 50,
                                    "sizes": []
                                }
                            },
                            "elements": [],
                            "isInner": false,
                            "widgetType": "elementskit-icon-box",
                            "elType": "widget"
                        }
                    ],
                    "isInner": false,
                    "elType": "column"
                },
                {
                    "id": "50a2f8e5",
                    "settings": {
                        "_column_size": 50,
                        "_inline_size": null,
                        "animation": "fadeInUp",
                        "animation_delay": 100
                    },
                    "elements": [
                        {
                            "id": "6c5e874a",
                            "settings": {
                                "ekit_icon_box_enable_header_icon": "image",
                                "ekit_icon_box_header_image": {
                                    "url": "https:\/\/kinforce.net\/cripto\/wp-content\/uploads\/2021\/08\/elements-30-cryptocurrency-icons-flat-ZBZ8VZC_5.png",
                                    "id": 512,
                                    "alt": "",
                                    "source": "library"
                                },
                                "ekit_icon_box_title_text": "Available Worlwide ",
                                "ekit_icon_box_description_text": "Lorem ipsum dolor sit amet, viverra lacus, pretium leo massa nec massa tristique venenatis.",
                                "ekit_icon_box_enable_btn": "",
                                "ekit_icon_box_btn_text": "Read More ",
                                "ekit_icon_box_badge_title": "EXCLUSIVE",
                                "ekit_icon_box_infobox_bg_group_background": "classic",
                                "ekit_icon_box_infobox_bg_group_color": "#2B0C4700",
                                "ekit_icon_box_iocnbox_border_group_border": "solid",
                                "ekit_icon_box_iocnbox_border_group_width": {
                                    "unit": "px",
                                    "top": "0",
                                    "right": "0",
                                    "bottom": "0",
                                    "left": "0",
                                    "isLinked": true
                                },
                                "ekit_icon_box_infobox_border_radious": {
                                    "unit": "px",
                                    "top": "20",
                                    "right": "20",
                                    "bottom": "20",
                                    "left": "20",
                                    "isLinked": true
                                },
                                "ekit_icon_title_color": "#FFFFFF",
                                "ekit_icon_title_color_hover": "#FFFFFF",
                                "ekit_icon_description_color": "#FFFFFF",
                                "ekit_icon_description_color_hover": "#FFFFFF",
                                "ha_advanced_tooltip_content": "I am a tooltip",
                                "__globals__": {
                                    "ekit_icon_box_infobox_bg_group_color": "",
                                    "ekit_icon_title_color": "globals\/colors?id=primary",
                                    "ekit_icon_title_color_hover": "globals\/colors?id=text",
                                    "ekit_icon_description_color": "globals\/colors?id=primary",
                                    "ekit_icon_description_color_hover": "globals\/colors?id=primary",
                                    "ekit_icon_description_typography_group_typography": "globals\/typography?id=text",
                                    "ekit_icon_title_typography_group_typography": "globals\/typography?id=354f741",
                                    "ekit_icon_box_btn_hover_color": "globals\/colors?id=103493d",
                                    "ekit_icon_box_button_text_color": "globals\/colors?id=secondary",
                                    "ekit_icon_box_typography_group_typography": "globals\/typography?id=text",
                                    "ekit_icon_box_infobox_bg_hover_group_color": "globals\/colors?id=fba7e5c",
                                    "ekit_icon_box_icon_box_border_hv_group_color": "globals\/colors?id=103493d"
                                },
                                "ekit_icon_title_bottom_space": {
                                    "unit": "px",
                                    "top": "0",
                                    "right": "0",
                                    "bottom": "20",
                                    "left": "0",
                                    "isLinked": false,
                                    "size": "20"
                                },
                                "ekit_icon_box_infobox_bg_padding": {
                                    "unit": "px",
                                    "top": "0",
                                    "right": "0",
                                    "bottom": "0",
                                    "left": "40",
                                    "isLinked": false
                                },
                                "ekit_icon_box_enable_hover_btn": "",
                                "ekit_icon_box_icons": {
                                    "value": "icon icon-arrow-right",
                                    "library": "ekiticons"
                                },
                                "ekit_icon_box_icon_align": "right",
                                "ekit_icon_box_text_align_responsive": "left",
                                "ekit_icon_box_iocnbox_border_group_color": "#02010100",
                                "ekit_icon_box_icon_box_border_hv_group_width": {
                                    "unit": "px",
                                    "top": "0",
                                    "right": "0",
                                    "bottom": "1",
                                    "left": "0",
                                    "isLinked": false
                                },
                                "ekit_icon_title_typography_group_typography": "custom",
                                "ekit_icon_title_typography_group_font_family": "Poppins",
                                "ekit_icon_title_typography_group_font_size": {
                                    "unit": "px",
                                    "size": 20,
                                    "sizes": []
                                },
                                "ekit_icon_title_typography_group_font_weight": "700",
                                "ekit_icon_description_typography_group_typography": "custom",
                                "ekit_icon_description_typography_group_font_family": "Rubik",
                                "ekit_icon_description_typography_group_font_weight": "400",
                                "ekit_icon_box_margin": {
                                    "unit": "px",
                                    "top": "0",
                                    "right": "0",
                                    "bottom": "15",
                                    "left": "0",
                                    "isLinked": false,
                                    "size": 15
                                },
                                "ekit_icon_box_text_padding": {
                                    "unit": "px",
                                    "top": "0",
                                    "right": "0",
                                    "bottom": "0",
                                    "left": "0",
                                    "isLinked": false
                                },
                                "ekit_icon_box_typography_group_typography": "custom",
                                "ekit_icon_box_typography_group_font_family": "Rubik",
                                "ekit_icon_box_typography_group_font_weight": "400",
                                "ekit_icon_box_button_text_color": "#EC5046",
                                "ekit_icon_box_btn_background_group_background": "classic",
                                "ekit_icon_box_btn_background_group_color": "#02010100",
                                "ekit_icon_box_btn_hover_color": "#E702BF",
                                "ekit_icon_box_infobox_bg_padding_tablet": {
                                    "unit": "px",
                                    "top": "30",
                                    "right": "20",
                                    "bottom": "30",
                                    "left": "20",
                                    "isLinked": false
                                },
                                "ekit_icon_box_icon_position": "left",
                                "ekit_icon_box_infobox_bg_group_image": {
                                    "url": "",
                                    "id": "",
                                    "alt": "",
                                    "source": "library"
                                },
                                "ekit_icon_box_infobox_bg_padding_mobile": {
                                    "unit": "px",
                                    "top": "0",
                                    "right": "0",
                                    "bottom": "0",
                                    "left": "0",
                                    "isLinked": false
                                },
                                "ekit_icon_box_icon_space": {
                                    "unit": "px",
                                    "top": "10",
                                    "right": "40",
                                    "bottom": "0",
                                    "left": "0",
                                    "isLinked": false
                                },
                                "ekit_icon_box_icon_space_mobile": {
                                    "unit": "px",
                                    "top": "10",
                                    "right": "20",
                                    "bottom": "0",
                                    "left": "0",
                                    "isLinked": false
                                },
                                "ekit_icon_box_icon_height_mobile": {
                                    "unit": "px",
                                    "size": 50,
                                    "sizes": []
                                },
                                "ekit_icon_box_icon_width_mobile": {
                                    "unit": "px",
                                    "size": 50,
                                    "sizes": []
                                }
                            },
                            "elements": [],
                            "isInner": false,
                            "widgetType": "elementskit-icon-box",
                            "elType": "widget"
                        }
                    ],
                    "isInner": false,
                    "elType": "column"
                }
            ],
            "isInner": false,
            "elType": "section"
        },
        {
            "id": "1dd8686e",
            "settings": {
                "structure": "20",
                "margin": {
                    "unit": "px",
                    "top": "20",
                    "right": 0,
                    "bottom": "0",
                    "left": 0,
                    "isLinked": false
                },
                "margin_mobile": {
                    "unit": "px",
                    "top": "",
                    "right": 0,
                    "bottom": "",
                    "left": 0,
                    "isLinked": true
                },
                "padding_mobile": {
                    "unit": "px",
                    "top": "0",
                    "right": "30",
                    "bottom": "0",
                    "left": "30",
                    "isLinked": false
                }
            },
            "elements": [
                {
                    "id": "63b517db",
                    "settings": {
                        "_column_size": 50,
                        "_inline_size": null,
                        "animation": "fadeInUp",
                        "animation_delay": 200
                    },
                    "elements": [
                        {
                            "id": "4b8a658e",
                            "settings": {
                                "ekit_icon_box_enable_header_icon": "image",
                                "ekit_icon_box_header_image": {
                                    "url": "https:\/\/kinforce.net\/cripto\/wp-content\/uploads\/2021\/08\/elements-30-cryptocurrency-icons-flat-ZBZ8VZC_6.png",
                                    "id": 513,
                                    "alt": "",
                                    "source": "library"
                                },
                                "ekit_icon_box_title_text": "Crypto as Collateral ",
                                "ekit_icon_box_description_text": "Lorem ipsum dolor sit amet, viverra lacus, pretium leo massa nec massa tristique venenatis.",
                                "ekit_icon_box_enable_btn": "",
                                "ekit_icon_box_btn_text": "Read More ",
                                "ekit_icon_box_badge_title": "EXCLUSIVE",
                                "ekit_icon_box_infobox_bg_group_background": "classic",
                                "ekit_icon_box_infobox_bg_group_color": "#2B0C4700",
                                "ekit_icon_box_iocnbox_border_group_border": "solid",
                                "ekit_icon_box_iocnbox_border_group_width": {
                                    "unit": "px",
                                    "top": "0",
                                    "right": "0",
                                    "bottom": "0",
                                    "left": "0",
                                    "isLinked": true
                                },
                                "ekit_icon_box_infobox_border_radious": {
                                    "unit": "px",
                                    "top": "20",
                                    "right": "20",
                                    "bottom": "20",
                                    "left": "20",
                                    "isLinked": true
                                },
                                "ekit_icon_title_color": "#FFFFFF",
                                "ekit_icon_title_color_hover": "#FFFFFF",
                                "ekit_icon_description_color": "#FFFFFF",
                                "ekit_icon_description_color_hover": "#FFFFFF",
                                "ha_advanced_tooltip_content": "I am a tooltip",
                                "__globals__": {
                                    "ekit_icon_box_infobox_bg_group_color": "",
                                    "ekit_icon_title_color": "globals\/colors?id=primary",
                                    "ekit_icon_title_color_hover": "globals\/colors?id=text",
                                    "ekit_icon_description_color": "globals\/colors?id=primary",
                                    "ekit_icon_description_color_hover": "globals\/colors?id=primary",
                                    "ekit_icon_description_typography_group_typography": "globals\/typography?id=text",
                                    "ekit_icon_title_typography_group_typography": "globals\/typography?id=354f741",
                                    "ekit_icon_box_btn_hover_color": "globals\/colors?id=103493d",
                                    "ekit_icon_box_button_text_color": "globals\/colors?id=secondary",
                                    "ekit_icon_box_typography_group_typography": "globals\/typography?id=text",
                                    "ekit_icon_box_infobox_bg_hover_group_color": "globals\/colors?id=fba7e5c",
                                    "ekit_icon_box_icon_box_border_hv_group_color": "globals\/colors?id=103493d"
                                },
                                "ekit_icon_title_bottom_space": {
                                    "unit": "px",
                                    "top": "0",
                                    "right": "0",
                                    "bottom": "20",
                                    "left": "0",
                                    "isLinked": false,
                                    "size": "20"
                                },
                                "ekit_icon_box_infobox_bg_padding": {
                                    "unit": "px",
                                    "top": "0",
                                    "right": "0",
                                    "bottom": "0",
                                    "left": "40",
                                    "isLinked": false
                                },
                                "ekit_icon_box_enable_hover_btn": "",
                                "ekit_icon_box_icons": {
                                    "value": "icon icon-arrow-right",
                                    "library": "ekiticons"
                                },
                                "ekit_icon_box_icon_align": "right",
                                "ekit_icon_box_text_align_responsive": "left",
                                "ekit_icon_box_iocnbox_border_group_color": "#02010100",
                                "ekit_icon_box_icon_box_border_hv_group_width": {
                                    "unit": "px",
                                    "top": "0",
                                    "right": "0",
                                    "bottom": "1",
                                    "left": "0",
                                    "isLinked": false
                                },
                                "ekit_icon_title_typography_group_typography": "custom",
                                "ekit_icon_title_typography_group_font_family": "Poppins",
                                "ekit_icon_title_typography_group_font_size": {
                                    "unit": "px",
                                    "size": 20,
                                    "sizes": []
                                },
                                "ekit_icon_title_typography_group_font_weight": "700",
                                "ekit_icon_description_typography_group_typography": "custom",
                                "ekit_icon_description_typography_group_font_family": "Rubik",
                                "ekit_icon_description_typography_group_font_weight": "400",
                                "ekit_icon_box_margin": {
                                    "unit": "px",
                                    "top": "0",
                                    "right": "0",
                                    "bottom": "15",
                                    "left": "0",
                                    "isLinked": false,
                                    "size": 15
                                },
                                "ekit_icon_box_text_padding": {
                                    "unit": "px",
                                    "top": "0",
                                    "right": "0",
                                    "bottom": "0",
                                    "left": "0",
                                    "isLinked": false
                                },
                                "ekit_icon_box_typography_group_typography": "custom",
                                "ekit_icon_box_typography_group_font_family": "Rubik",
                                "ekit_icon_box_typography_group_font_weight": "400",
                                "ekit_icon_box_button_text_color": "#EC5046",
                                "ekit_icon_box_btn_background_group_background": "classic",
                                "ekit_icon_box_btn_background_group_color": "#02010100",
                                "ekit_icon_box_btn_hover_color": "#E702BF",
                                "ekit_icon_box_infobox_bg_padding_tablet": {
                                    "unit": "px",
                                    "top": "30",
                                    "right": "20",
                                    "bottom": "30",
                                    "left": "20",
                                    "isLinked": false
                                },
                                "ekit_icon_box_icon_position": "left",
                                "ekit_icon_box_infobox_bg_group_image": {
                                    "url": "",
                                    "id": "",
                                    "alt": "",
                                    "source": "library"
                                },
                                "ekit_icon_box_infobox_bg_padding_mobile": {
                                    "unit": "px",
                                    "top": "0",
                                    "right": "0",
                                    "bottom": "0",
                                    "left": "0",
                                    "isLinked": false
                                },
                                "ekit_icon_box_icon_space": {
                                    "unit": "px",
                                    "top": "10",
                                    "right": "40",
                                    "bottom": "0",
                                    "left": "0",
                                    "isLinked": false
                                },
                                "ekit_icon_box_icon_space_mobile": {
                                    "unit": "px",
                                    "top": "10",
                                    "right": "20",
                                    "bottom": "0",
                                    "left": "0",
                                    "isLinked": false
                                },
                                "ekit_icon_box_icon_height_mobile": {
                                    "unit": "px",
                                    "size": 50,
                                    "sizes": []
                                },
                                "ekit_icon_box_icon_width_mobile": {
                                    "unit": "px",
                                    "size": 50,
                                    "sizes": []
                                }
                            },
                            "elements": [],
                            "isInner": false,
                            "widgetType": "elementskit-icon-box",
                            "elType": "widget"
                        }
                    ],
                    "isInner": false,
                    "elType": "column"
                },
                {
                    "id": "1365e434",
                    "settings": {
                        "_column_size": 50,
                        "_inline_size": null,
                        "animation": "fadeInUp",
                        "animation_delay": 300
                    },
                    "elements": [
                        {
                            "id": "60f0b4d2",
                            "settings": {
                                "ekit_icon_box_enable_header_icon": "image",
                                "ekit_icon_box_header_image": {
                                    "url": "https:\/\/kinforce.net\/cripto\/wp-content\/uploads\/2021\/08\/elements-30-cryptocurrency-icons-flat-ZBZ8VZC_7.png",
                                    "id": 514,
                                    "alt": "",
                                    "source": "library"
                                },
                                "ekit_icon_box_title_text": "Reliable and Safe ",
                                "ekit_icon_box_description_text": "Lorem ipsum dolor sit amet, viverra lacus, pretium leo massa nec massa tristique venenatis.",
                                "ekit_icon_box_enable_btn": "",
                                "ekit_icon_box_btn_text": "Read More ",
                                "ekit_icon_box_badge_title": "EXCLUSIVE",
                                "ekit_icon_box_infobox_bg_group_background": "classic",
                                "ekit_icon_box_infobox_bg_group_color": "#2B0C4700",
                                "ekit_icon_box_iocnbox_border_group_border": "solid",
                                "ekit_icon_box_iocnbox_border_group_width": {
                                    "unit": "px",
                                    "top": "0",
                                    "right": "0",
                                    "bottom": "0",
                                    "left": "0",
                                    "isLinked": true
                                },
                                "ekit_icon_box_infobox_border_radious": {
                                    "unit": "px",
                                    "top": "20",
                                    "right": "20",
                                    "bottom": "20",
                                    "left": "20",
                                    "isLinked": true
                                },
                                "ekit_icon_title_color": "#FFFFFF",
                                "ekit_icon_title_color_hover": "#FFFFFF",
                                "ekit_icon_description_color": "#FFFFFF",
                                "ekit_icon_description_color_hover": "#FFFFFF",
                                "ha_advanced_tooltip_content": "I am a tooltip",
                                "__globals__": {
                                    "ekit_icon_box_infobox_bg_group_color": "",
                                    "ekit_icon_title_color": "globals\/colors?id=primary",
                                    "ekit_icon_title_color_hover": "globals\/colors?id=text",
                                    "ekit_icon_description_color": "globals\/colors?id=primary",
                                    "ekit_icon_description_color_hover": "globals\/colors?id=primary",
                                    "ekit_icon_description_typography_group_typography": "globals\/typography?id=text",
                                    "ekit_icon_title_typography_group_typography": "globals\/typography?id=354f741",
                                    "ekit_icon_box_btn_hover_color": "globals\/colors?id=103493d",
                                    "ekit_icon_box_button_text_color": "globals\/colors?id=secondary",
                                    "ekit_icon_box_typography_group_typography": "globals\/typography?id=text",
                                    "ekit_icon_box_infobox_bg_hover_group_color": "globals\/colors?id=fba7e5c",
                                    "ekit_icon_box_icon_box_border_hv_group_color": "globals\/colors?id=103493d"
                                },
                                "ekit_icon_title_bottom_space": {
                                    "unit": "px",
                                    "top": "0",
                                    "right": "0",
                                    "bottom": "20",
                                    "left": "0",
                                    "isLinked": false,
                                    "size": "20"
                                },
                                "ekit_icon_box_infobox_bg_padding": {
                                    "unit": "px",
                                    "top": "0",
                                    "right": "0",
                                    "bottom": "0",
                                    "left": "40",
                                    "isLinked": false
                                },
                                "ekit_icon_box_enable_hover_btn": "",
                                "ekit_icon_box_icons": {
                                    "value": "icon icon-arrow-right",
                                    "library": "ekiticons"
                                },
                                "ekit_icon_box_icon_align": "right",
                                "ekit_icon_box_text_align_responsive": "left",
                                "ekit_icon_box_iocnbox_border_group_color": "#02010100",
                                "ekit_icon_box_icon_box_border_hv_group_width": {
                                    "unit": "px",
                                    "top": "0",
                                    "right": "0",
                                    "bottom": "1",
                                    "left": "0",
                                    "isLinked": false
                                },
                                "ekit_icon_title_typography_group_typography": "custom",
                                "ekit_icon_title_typography_group_font_family": "Poppins",
                                "ekit_icon_title_typography_group_font_size": {
                                    "unit": "px",
                                    "size": 20,
                                    "sizes": []
                                },
                                "ekit_icon_title_typography_group_font_weight": "700",
                                "ekit_icon_description_typography_group_typography": "custom",
                                "ekit_icon_description_typography_group_font_family": "Rubik",
                                "ekit_icon_description_typography_group_font_weight": "400",
                                "ekit_icon_box_margin": {
                                    "unit": "px",
                                    "top": "0",
                                    "right": "0",
                                    "bottom": "15",
                                    "left": "0",
                                    "isLinked": false,
                                    "size": 15
                                },
                                "ekit_icon_box_text_padding": {
                                    "unit": "px",
                                    "top": "0",
                                    "right": "0",
                                    "bottom": "0",
                                    "left": "0",
                                    "isLinked": false
                                },
                                "ekit_icon_box_typography_group_typography": "custom",
                                "ekit_icon_box_typography_group_font_family": "Rubik",
                                "ekit_icon_box_typography_group_font_weight": "400",
                                "ekit_icon_box_button_text_color": "#EC5046",
                                "ekit_icon_box_btn_background_group_background": "classic",
                                "ekit_icon_box_btn_background_group_color": "#02010100",
                                "ekit_icon_box_btn_hover_color": "#E702BF",
                                "ekit_icon_box_infobox_bg_padding_tablet": {
                                    "unit": "px",
                                    "top": "30",
                                    "right": "20",
                                    "bottom": "30",
                                    "left": "20",
                                    "isLinked": false
                                },
                                "ekit_icon_box_icon_position": "left",
                                "ekit_icon_box_infobox_bg_group_image": {
                                    "url": "",
                                    "id": "",
                                    "alt": "",
                                    "source": "library"
                                },
                                "ekit_icon_box_infobox_bg_padding_mobile": {
                                    "unit": "px",
                                    "top": "0",
                                    "right": "0",
                                    "bottom": "0",
                                    "left": "0",
                                    "isLinked": false
                                },
                                "ekit_icon_box_icon_space": {
                                    "unit": "px",
                                    "top": "10",
                                    "right": "40",
                                    "bottom": "0",
                                    "left": "0",
                                    "isLinked": false
                                },
                                "ekit_icon_box_icon_space_mobile": {
                                    "unit": "px",
                                    "top": "10",
                                    "right": "20",
                                    "bottom": "0",
                                    "left": "0",
                                    "isLinked": false
                                },
                                "ekit_icon_box_icon_height_mobile": {
                                    "unit": "px",
                                    "size": 50,
                                    "sizes": []
                                },
                                "ekit_icon_box_icon_width_mobile": {
                                    "unit": "px",
                                    "size": 50,
                                    "sizes": []
                                }
                            },
                            "elements": [],
                            "isInner": false,
                            "widgetType": "elementskit-icon-box",
                            "elType": "widget"
                        }
                    ],
                    "isInner": false,
                    "elType": "column"
                }
            ],
            "isInner": false,
            "elType": "section"
        },
        {
            "id": "45b9e6d2",
            "settings": {
                "structure": "20",
                "margin": {
                    "unit": "px",
                    "top": "20",
                    "right": 0,
                    "bottom": "0",
                    "left": 0,
                    "isLinked": false
                },
                "padding_mobile": {
                    "unit": "px",
                    "top": "0",
                    "right": "30",
                    "bottom": "0",
                    "left": "30",
                    "isLinked": false
                }
            },
            "elements": [
                {
                    "id": "28410f0a",
                    "settings": {
                        "_column_size": 50,
                        "_inline_size": null,
                        "animation": "fadeInUp",
                        "animation_delay": 400
                    },
                    "elements": [
                        {
                            "id": "69e8acdf",
                            "settings": {
                                "ekit_icon_box_enable_header_icon": "image",
                                "ekit_icon_box_header_image": {
                                    "url": "https:\/\/kinforce.net\/cripto\/wp-content\/uploads\/2021\/08\/elements-30-cryptocurrency-icons-flat-ZBZ8VZC_8.png",
                                    "id": 515,
                                    "alt": "",
                                    "source": "library"
                                },
                                "ekit_icon_box_title_text": "Simple Process ",
                                "ekit_icon_box_description_text": "Lorem ipsum dolor sit amet, viverra lacus, pretium leo massa nec massa tristique venenatis.",
                                "ekit_icon_box_enable_btn": "",
                                "ekit_icon_box_btn_text": "Read More ",
                                "ekit_icon_box_badge_title": "EXCLUSIVE",
                                "ekit_icon_box_infobox_bg_group_background": "classic",
                                "ekit_icon_box_infobox_bg_group_color": "#2B0C4700",
                                "ekit_icon_box_iocnbox_border_group_border": "solid",
                                "ekit_icon_box_iocnbox_border_group_width": {
                                    "unit": "px",
                                    "top": "0",
                                    "right": "0",
                                    "bottom": "0",
                                    "left": "0",
                                    "isLinked": true
                                },
                                "ekit_icon_box_infobox_border_radious": {
                                    "unit": "px",
                                    "top": "20",
                                    "right": "20",
                                    "bottom": "20",
                                    "left": "20",
                                    "isLinked": true
                                },
                                "ekit_icon_title_color": "#FFFFFF",
                                "ekit_icon_title_color_hover": "#FFFFFF",
                                "ekit_icon_description_color": "#FFFFFF",
                                "ekit_icon_description_color_hover": "#FFFFFF",
                                "ha_advanced_tooltip_content": "I am a tooltip",
                                "__globals__": {
                                    "ekit_icon_box_infobox_bg_group_color": "",
                                    "ekit_icon_title_color": "globals\/colors?id=primary",
                                    "ekit_icon_title_color_hover": "globals\/colors?id=text",
                                    "ekit_icon_description_color": "globals\/colors?id=primary",
                                    "ekit_icon_description_color_hover": "globals\/colors?id=primary",
                                    "ekit_icon_description_typography_group_typography": "globals\/typography?id=text",
                                    "ekit_icon_title_typography_group_typography": "globals\/typography?id=354f741",
                                    "ekit_icon_box_btn_hover_color": "globals\/colors?id=103493d",
                                    "ekit_icon_box_button_text_color": "globals\/colors?id=secondary",
                                    "ekit_icon_box_typography_group_typography": "globals\/typography?id=text",
                                    "ekit_icon_box_infobox_bg_hover_group_color": "globals\/colors?id=fba7e5c",
                                    "ekit_icon_box_icon_box_border_hv_group_color": "globals\/colors?id=103493d"
                                },
                                "ekit_icon_title_bottom_space": {
                                    "unit": "px",
                                    "top": "0",
                                    "right": "0",
                                    "bottom": "20",
                                    "left": "0",
                                    "isLinked": false,
                                    "size": "20"
                                },
                                "ekit_icon_box_infobox_bg_padding": {
                                    "unit": "px",
                                    "top": "0",
                                    "right": "0",
                                    "bottom": "0",
                                    "left": "40",
                                    "isLinked": false
                                },
                                "ekit_icon_box_enable_hover_btn": "",
                                "ekit_icon_box_icons": {
                                    "value": "icon icon-arrow-right",
                                    "library": "ekiticons"
                                },
                                "ekit_icon_box_icon_align": "right",
                                "ekit_icon_box_text_align_responsive": "left",
                                "ekit_icon_box_iocnbox_border_group_color": "#02010100",
                                "ekit_icon_box_icon_box_border_hv_group_width": {
                                    "unit": "px",
                                    "top": "0",
                                    "right": "0",
                                    "bottom": "1",
                                    "left": "0",
                                    "isLinked": false
                                },
                                "ekit_icon_title_typography_group_typography": "custom",
                                "ekit_icon_title_typography_group_font_family": "Poppins",
                                "ekit_icon_title_typography_group_font_size": {
                                    "unit": "px",
                                    "size": 20,
                                    "sizes": []
                                },
                                "ekit_icon_title_typography_group_font_weight": "700",
                                "ekit_icon_description_typography_group_typography": "custom",
                                "ekit_icon_description_typography_group_font_family": "Rubik",
                                "ekit_icon_description_typography_group_font_weight": "400",
                                "ekit_icon_box_margin": {
                                    "unit": "px",
                                    "top": "0",
                                    "right": "0",
                                    "bottom": "15",
                                    "left": "0",
                                    "isLinked": false,
                                    "size": 15
                                },
                                "ekit_icon_box_text_padding": {
                                    "unit": "px",
                                    "top": "0",
                                    "right": "0",
                                    "bottom": "0",
                                    "left": "0",
                                    "isLinked": false
                                },
                                "ekit_icon_box_typography_group_typography": "custom",
                                "ekit_icon_box_typography_group_font_family": "Rubik",
                                "ekit_icon_box_typography_group_font_weight": "400",
                                "ekit_icon_box_button_text_color": "#EC5046",
                                "ekit_icon_box_btn_background_group_background": "classic",
                                "ekit_icon_box_btn_background_group_color": "#02010100",
                                "ekit_icon_box_btn_hover_color": "#E702BF",
                                "ekit_icon_box_infobox_bg_padding_tablet": {
                                    "unit": "px",
                                    "top": "30",
                                    "right": "20",
                                    "bottom": "30",
                                    "left": "20",
                                    "isLinked": false
                                },
                                "ekit_icon_box_icon_position": "left",
                                "ekit_icon_box_infobox_bg_group_image": {
                                    "url": "",
                                    "id": "",
                                    "alt": "",
                                    "source": "library"
                                },
                                "ekit_icon_box_infobox_bg_padding_mobile": {
                                    "unit": "px",
                                    "top": "0",
                                    "right": "0",
                                    "bottom": "0",
                                    "left": "0",
                                    "isLinked": false
                                },
                                "ekit_icon_box_icon_space": {
                                    "unit": "px",
                                    "top": "10",
                                    "right": "40",
                                    "bottom": "0",
                                    "left": "0",
                                    "isLinked": false
                                },
                                "ekit_icon_box_icon_space_mobile": {
                                    "unit": "px",
                                    "top": "10",
                                    "right": "20",
                                    "bottom": "0",
                                    "left": "0",
                                    "isLinked": false
                                },
                                "ekit_icon_box_icon_height_mobile": {
                                    "unit": "px",
                                    "size": 50,
                                    "sizes": []
                                },
                                "ekit_icon_box_icon_width_mobile": {
                                    "unit": "px",
                                    "size": 50,
                                    "sizes": []
                                }
                            },
                            "elements": [],
                            "isInner": false,
                            "widgetType": "elementskit-icon-box",
                            "elType": "widget"
                        }
                    ],
                    "isInner": false,
                    "elType": "column"
                },
                {
                    "id": "dd197a2",
                    "settings": {
                        "_column_size": 50,
                        "_inline_size": null,
                        "animation": "fadeInUp",
                        "animation_delay": 500
                    },
                    "elements": [
                        {
                            "id": "39153785",
                            "settings": {
                                "ekit_icon_box_enable_header_icon": "image",
                                "ekit_icon_box_header_image": {
                                    "url": "https:\/\/kinforce.net\/cripto\/wp-content\/uploads\/2021\/08\/elements-30-cryptocurrency-icons-flat-ZBZ8VZC_9.png",
                                    "id": 516,
                                    "alt": "",
                                    "source": "library"
                                },
                                "ekit_icon_box_title_text": "Realtime Update ",
                                "ekit_icon_box_description_text": "Lorem ipsum dolor sit amet, viverra lacus, pretium leo massa nec massa tristique venenatis.",
                                "ekit_icon_box_enable_btn": "",
                                "ekit_icon_box_btn_text": "Read More ",
                                "ekit_icon_box_badge_title": "EXCLUSIVE",
                                "ekit_icon_box_infobox_bg_group_background": "classic",
                                "ekit_icon_box_infobox_bg_group_color": "#2B0C4700",
                                "ekit_icon_box_iocnbox_border_group_border": "solid",
                                "ekit_icon_box_iocnbox_border_group_width": {
                                    "unit": "px",
                                    "top": "0",
                                    "right": "0",
                                    "bottom": "0",
                                    "left": "0",
                                    "isLinked": true
                                },
                                "ekit_icon_box_infobox_border_radious": {
                                    "unit": "px",
                                    "top": "20",
                                    "right": "20",
                                    "bottom": "20",
                                    "left": "20",
                                    "isLinked": true
                                },
                                "ekit_icon_title_color": "#FFFFFF",
                                "ekit_icon_title_color_hover": "#FFFFFF",
                                "ekit_icon_description_color": "#FFFFFF",
                                "ekit_icon_description_color_hover": "#FFFFFF",
                                "ha_advanced_tooltip_content": "I am a tooltip",
                                "__globals__": {
                                    "ekit_icon_box_infobox_bg_group_color": "",
                                    "ekit_icon_title_color": "globals\/colors?id=primary",
                                    "ekit_icon_title_color_hover": "globals\/colors?id=text",
                                    "ekit_icon_description_color": "globals\/colors?id=primary",
                                    "ekit_icon_description_color_hover": "globals\/colors?id=primary",
                                    "ekit_icon_description_typography_group_typography": "globals\/typography?id=text",
                                    "ekit_icon_title_typography_group_typography": "globals\/typography?id=354f741",
                                    "ekit_icon_box_btn_hover_color": "globals\/colors?id=103493d",
                                    "ekit_icon_box_button_text_color": "globals\/colors?id=secondary",
                                    "ekit_icon_box_typography_group_typography": "globals\/typography?id=text",
                                    "ekit_icon_box_infobox_bg_hover_group_color": "globals\/colors?id=fba7e5c",
                                    "ekit_icon_box_icon_box_border_hv_group_color": "globals\/colors?id=103493d"
                                },
                                "ekit_icon_title_bottom_space": {
                                    "unit": "px",
                                    "top": "0",
                                    "right": "0",
                                    "bottom": "20",
                                    "left": "0",
                                    "isLinked": false,
                                    "size": "20"
                                },
                                "ekit_icon_box_infobox_bg_padding": {
                                    "unit": "px",
                                    "top": "0",
                                    "right": "0",
                                    "bottom": "0",
                                    "left": "40",
                                    "isLinked": false
                                },
                                "ekit_icon_box_enable_hover_btn": "",
                                "ekit_icon_box_icons": {
                                    "value": "icon icon-arrow-right",
                                    "library": "ekiticons"
                                },
                                "ekit_icon_box_icon_align": "right",
                                "ekit_icon_box_text_align_responsive": "left",
                                "ekit_icon_box_iocnbox_border_group_color": "#02010100",
                                "ekit_icon_box_icon_box_border_hv_group_width": {
                                    "unit": "px",
                                    "top": "0",
                                    "right": "0",
                                    "bottom": "1",
                                    "left": "0",
                                    "isLinked": false
                                },
                                "ekit_icon_title_typography_group_typography": "custom",
                                "ekit_icon_title_typography_group_font_family": "Poppins",
                                "ekit_icon_title_typography_group_font_size": {
                                    "unit": "px",
                                    "size": 20,
                                    "sizes": []
                                },
                                "ekit_icon_title_typography_group_font_weight": "700",
                                "ekit_icon_description_typography_group_typography": "custom",
                                "ekit_icon_description_typography_group_font_family": "Rubik",
                                "ekit_icon_description_typography_group_font_weight": "400",
                                "ekit_icon_box_margin": {
                                    "unit": "px",
                                    "top": "0",
                                    "right": "0",
                                    "bottom": "15",
                                    "left": "0",
                                    "isLinked": false,
                                    "size": 15
                                },
                                "ekit_icon_box_text_padding": {
                                    "unit": "px",
                                    "top": "0",
                                    "right": "0",
                                    "bottom": "0",
                                    "left": "0",
                                    "isLinked": false
                                },
                                "ekit_icon_box_typography_group_typography": "custom",
                                "ekit_icon_box_typography_group_font_family": "Rubik",
                                "ekit_icon_box_typography_group_font_weight": "400",
                                "ekit_icon_box_button_text_color": "#EC5046",
                                "ekit_icon_box_btn_background_group_background": "classic",
                                "ekit_icon_box_btn_background_group_color": "#02010100",
                                "ekit_icon_box_btn_hover_color": "#E702BF",
                                "ekit_icon_box_infobox_bg_padding_tablet": {
                                    "unit": "px",
                                    "top": "30",
                                    "right": "20",
                                    "bottom": "30",
                                    "left": "20",
                                    "isLinked": false
                                },
                                "ekit_icon_box_icon_position": "left",
                                "ekit_icon_box_infobox_bg_group_image": {
                                    "url": "",
                                    "id": "",
                                    "alt": "",
                                    "source": "library"
                                },
                                "ekit_icon_box_infobox_bg_padding_mobile": {
                                    "unit": "px",
                                    "top": "0",
                                    "right": "0",
                                    "bottom": "0",
                                    "left": "0",
                                    "isLinked": false
                                },
                                "ekit_icon_box_icon_space": {
                                    "unit": "px",
                                    "top": "10",
                                    "right": "40",
                                    "bottom": "0",
                                    "left": "0",
                                    "isLinked": false
                                },
                                "ekit_icon_box_icon_space_mobile": {
                                    "unit": "px",
                                    "top": "10",
                                    "right": "20",
                                    "bottom": "0",
                                    "left": "0",
                                    "isLinked": false
                                },
                                "ekit_icon_box_icon_height_mobile": {
                                    "unit": "px",
                                    "size": 50,
                                    "sizes": []
                                },
                                "ekit_icon_box_icon_width_mobile": {
                                    "unit": "px",
                                    "size": 50,
                                    "sizes": []
                                }
                            },
                            "elements": [],
                            "isInner": false,
                            "widgetType": "elementskit-icon-box",
                            "elType": "widget"
                        }
                    ],
                    "isInner": false,
                    "elType": "column"
                }
            ],
            "isInner": false,
            "elType": "section"
        }
    ],
    "page_settings": {
        "ha_grid_zindex": "1000",
        "template": "elementor_canvas"
    }
}