[
	{
		"title":"RIVACY &amp; TOS",
		"text1":"dvertiser Agreement",
		"text2":"cceptable Use Policy",
		"text3":"rivacy Policy",
		"text4":"echnology Privacy",
		"text5":"eveloper Agreement",
        "classBlock":"col-12 col-lg-3 col-md-6",
        "classInfo":"contact_info mt-x text-center fadeInUp"
	},
	{
		"title":"NAVIGATE",
		"text1":"Advertisers",
		"text2":"Developers",
		"text3":"Resources",
		"text4":"Company",
		"text5":"Connect",
        "classBlock":"col-12 col-lg-2 col-md-6",
        "classInfo":"contact_info mt-s text-center fadeInUp"
	},
	{
		"title":"CONTACT US",
		"text1":"Mailing Address:xx00 E. Union Ave",
		"text2":"Suite 1100. Denver, CO 80237",
		"text3":"+999 90932 627",
		"text4":"support@yourdomain.com",
        "classBlock":"col-12 col-lg-3 col-md-6",
        "classInfo":"contact_info mt-s text-center fadeInUp",
		"text5":false
	}
]